entry_time,exit_time,side,ml_bias,ml_conviction,entry,sl,tp1,tp2,exit_price,exit_reason,R,equity_R
2025-10-13 21:00:00+02:00,2025-10-13 22:00:00+02:00,SHORT,-0.25858148494922667,high,115792.84,117463.99285714285,115532.58,115272.32,115532.58,TP1,0.15573680102785942,0.15573680102785942
2025-10-13 22:00:00+02:00,2025-10-14 00:00:00+02:00,SHORT,-0.28264318242825726,high,115713.37,117313.94142857142,115532.58,115351.79000000001,115532.58,TP1,0.11295340949660494,0.26869021052446435
2025-10-13 23:00:00+02:00,2025-10-14 00:00:00+02:00,SHORT,-0.24037909786520073,normal,115700.0,117259.41142857142,115532.58,115365.16,115532.58,TP1,0.10736101899251335,0.37605122951697767
2025-10-14 00:00:00+02:00,2025-10-14 01:00:00+02:00,SHORT,-0.22744038315233572,normal,115507.19,117079.77285714286,115426.315,115345.44,115345.44,TP2,0.10285626557946526,0.4789074950964429
2025-10-14 03:00:00+02:00,2025-10-14 04:00:00+02:00,SHORT,-0.4541113502757671,high,114274.57,115438.17,114173.13,114071.69,114071.69,TP2,0.1743554486077743,0.6532629437042172
2025-10-14 04:00:00+02:00,2025-10-14 05:00:00+02:00,SHORT,-0.6831098323682587,high,113647.05,115438.17,113623.52,113599.99,113599.99,TP2,0.026274063156012883,0.6795370068602301
2025-10-14 05:00:00+02:00,2025-10-14 06:00:00+02:00,SHORT,-0.700697117062425,high,113500.0,115438.17,113395.985,113291.97,113291.97,TP2,0.1073332060655149,0.786870212925745
2025-10-14 06:00:00+02:00,2025-10-14 07:00:00+02:00,SHORT,-0.6860936135212701,high,113062.09,115438.17,112983.005,112903.92000000001,112903.92000000001,TP2,0.06656762398571747,0.8534378369114625
2025-10-14 07:00:00+02:00,2025-10-14 08:00:00+02:00,SHORT,-0.5342266230353544,high,112493.11,115438.17,112381.235,112269.36,112269.36,TP2,0.0759746830285292,0.9294125199399916
2025-10-14 08:00:00+02:00,2025-10-14 09:00:00+02:00,SHORT,-0.44948158786429204,high,111987.38,115438.17,111879.03,111770.68,111770.68,TP2,0.06279721455087445,0.992209734490866
2025-10-14 09:00:00+02:00,2025-10-14 10:00:00+02:00,SHORT,-0.47149147550310677,high,111724.41,115438.17,111602.37,111480.32999999999,111602.37,TP1,0.032861574253588904,1.025071308744455
2025-10-14 10:00:00+02:00,2025-10-14 11:00:00+02:00,SHORT,-0.41795336621805357,high,111803.33,115438.17,111767.64499999999,111731.95999999998,111731.95999999998,TP2,0.019634977055392952,1.044706285799848
2025-10-14 11:00:00+02:00,2025-10-14 12:00:00+02:00,SHORT,-0.37168508708380377,high,111287.89,115438.17,111222.89,111157.89,111157.89,TP2,0.03132318783311006,1.076029473632958
2025-10-14 13:00:00+02:00,2025-10-14 14:00:00+02:00,SHORT,-0.35470532922071313,high,111313.98,115438.17,111222.89,111131.8,111131.8,TP2,0.04417352255836732,1.1202029961913254
2025-10-14 15:00:00+02:00,2025-10-14 16:00:00+02:00,LONG,0.25908607751548973,high,111014.38,110012.24,111506.62,111998.85999999999,111998.85999999999,TP2,0.9823777116969504,2.1025807078882757
2025-10-14 16:00:00+02:00,2025-10-14 17:00:00+02:00,LONG,0.23203412346407976,normal,111435.21,110012.24,111506.62,111578.02999999998,111578.02999999998,TP2,0.10036754112875027,2.202948249017026
2025-10-14 17:00:00+02:00,2025-10-14 18:00:00+02:00,SHORT,-0.3256327878169052,high,112900.43,114964.94571428571,112743.10500000001,112585.78000000003,112585.78000000003,TP2,0.15240862436778663,2.3553568733848125
2025-10-14 18:00:00+02:00,2025-10-14 19:00:00+02:00,SHORT,-0.3034993443771612,high,112328.83,112943.82,112292.0,112255.17,112255.17,TP2,0.11977430527326113,2.4751311786580734
2025-10-14 19:00:00+02:00,2025-10-14 20:00:00+02:00,SHORT,-0.4538189428505307,high,112774.97,112943.82,112743.10500000001,112711.24000000002,112943.82,SL,-1.0,1.4751311786580734
2025-10-14 20:00:00+02:00,2025-10-14 21:00:00+02:00,SHORT,-0.3684450535710914,high,112861.36,113187.62,112743.10500000001,112624.85000000002,113187.62,SL,-1.0,0.4751311786580734
2025-10-14 22:00:00+02:00,2025-10-14 23:00:00+02:00,SHORT,-0.4110383591225414,high,112992.87,113450.0,112983.005,112973.14000000001,112973.14000000001,TP2,0.04316058889152139,0.5182917675495948
2025-10-14 23:00:00+02:00,2025-10-15 00:00:00+02:00,SHORT,-0.3211979557681985,high,113128.7,113450.0,112983.005,112837.31000000001,113450.0,SL,-1.0,-0.48170823245040517
2025-10-15 00:00:00+02:00,2025-10-15 01:00:00+02:00,SHORT,-0.38913511987588034,high,113211.87,113544.53,113172.545,113133.22,113133.22,TP2,0.23642758371909262,-0.24528064873131256
2025-10-15 01:00:00+02:00,2025-10-15 02:00:00+02:00,SHORT,-0.2902175925489056,high,113028.14,113544.53,112983.005,112937.87000000001,112937.87000000001,TP2,0.17480973682679685,-0.07047091190451571
2025-10-15 02:00:00+02:00,2025-10-15 03:00:00+02:00,SHORT,-0.27448846601810206,high,112993.86,113544.53,112983.005,112972.15000000001,112972.15000000001,TP2,0.039424700818987635,-0.031046211085528075
2025-10-15 03:00:00+02:00,2025-10-15 04:00:00+02:00,LONG,0.2972650319202686,high,112738.17,110012.24,112925.555,113112.93999999999,113112.93999999999,TP2,0.13748335430476588,0.1064371432192378
2025-10-15 05:00:00+02:00,2025-10-15 06:00:00+02:00,LONG,0.28573187950839884,high,112024.29,110012.24,112377.82,112731.35000000002,112377.82,TP1,0.17570636912602342,0.28214351234526125
2025-10-15 06:00:00+02:00,2025-10-15 07:00:00+02:00,LONG,0.39109290358645177,high,112344.81,111825.93,112377.82,112410.83000000002,112410.83000000002,TP2,0.1272355843355266,0.40937909668078787
2025-10-15 07:00:00+02:00,2025-10-15 10:00:00+02:00,LONG,0.35868248910990036,high,112431.95,111825.93,112737.045,113042.14,113042.14,TP2,1.0068809610243856,1.4162600577051734
2025-10-15 08:00:00+02:00,2025-10-15 10:00:00+02:00,LONG,0.2406508191699861,normal,112460.47,111825.93,112737.045,113013.62,113013.62,TP2,0.8717338544457198,2.287993912150893
2025-10-15 10:00:00+02:00,2025-10-15 11:00:00+02:00,SHORT,-0.20211363621208,normal,112944.85,113577.0,112743.10500000001,112541.36000000002,112541.36000000002,TP2,0.6382820533101232,2.9262759654610164
2025-10-15 11:00:00+02:00,2025-10-15 12:00:00+02:00,SHORT,-0.2761625779813285,high,112564.01,113577.0,112381.235,112198.46,112198.46,TP2,0.36086239745701976,3.287138362918036
2025-10-15 13:00:00+02:00,2025-10-15 14:00:00+02:00,SHORT,-0.4139772426944657,high,111905.73,113577.0,111879.03,111852.33,111852.33,TP2,0.03195174926851679,3.319090112186553
2025-10-15 14:00:00+02:00,2025-10-15 15:00:00+02:00,SHORT,-0.4215063805467081,high,111711.25,113577.0,111602.37,111493.48999999999,111493.48999999999,TP2,0.11671445799276929,3.4358045701793225
2025-10-15 15:00:00+02:00,2025-10-15 16:00:00+02:00,SHORT,-0.409110453266751,high,111389.0,113577.0,111336.97,111284.94,111284.94,TP2,0.04755941499085817,3.4833639851701808
2025-10-15 16:00:00+02:00,2025-10-15 17:00:00+02:00,SHORT,-0.33077099132610505,high,111059.76,113577.0,110908.04000000001,110756.32000000002,110756.32000000002,TP2,0.12054472358613902,3.60390870875632
2025-10-15 19:00:00+02:00,2025-10-15 20:00:00+02:00,SHORT,-0.24072576577013283,normal,111186.78,113577.0,110908.04000000001,110629.30000000002,110908.04000000001,TP1,0.11661688045451488,3.7205255892108346
2025-10-15 21:00:00+02:00,2025-10-15 22:00:00+02:00,SHORT,-0.2654357803595896,high,111271.73,113577.0,111222.89,111174.05,111174.05,TP2,0.0423724769766634,3.762898066187498
2025-10-15 23:00:00+02:00,2025-10-16 00:00:00+02:00,LONG,0.30217949490575097,high,110854.19,110400.0,110935.11499999999,111016.03999999998,111016.03999999998,TP2,0.3563486646557077,4.119246730843206
2025-10-16 00:00:00+02:00,2025-10-16 01:00:00+02:00,LONG,0.32986996963722504,high,110667.97,110400.0,110768.52,110869.07,110869.07,TP2,0.7504571407247265,4.869703871567932
2025-10-16 01:00:00+02:00,2025-10-16 02:00:00+02:00,LONG,0.2554094204845689,high,110763.28,110400.0,110768.52,110773.76000000001,110400.0,SL,-1.0,3.869703871567932
2025-10-16 02:00:00+02:00,2025-10-16 03:00:00+02:00,LONG,0.3648949438077007,high,110431.27,110400.0,110536.91500000001,110642.56000000001,110642.56000000001,TP2,6.7569555484483725,10.626659420016304
2025-10-16 04:00:00+02:00,2025-10-16 05:00:00+02:00,SHORT,-0.21517415767311077,normal,111510.43,113577.0,111510.0,111509.57,111509.57,TP2,0.0004161484972616593,10.627075568513566
2025-10-16 08:00:00+02:00,2025-10-16 09:00:00+02:00,SHORT,-0.24073461936088947,normal,111666.83,113128.52428571429,111602.37,111537.90999999999,111537.90999999999,TP2,0.08819901757843536,10.715274586092002
2025-10-16 13:00:00+02:00,2025-10-16 14:00:00+02:00,SHORT,-0.22167114314511405,normal,111404.72,111562.24,111336.97,111269.22,111562.24,SL,-1.0,9.715274586092002
2025-10-16 16:00:00+02:00,2025-10-16 17:00:00+02:00,SHORT,-0.27574257480314673,high,110529.34,111773.7,110505.63,110481.92000000001,110481.92000000001,TP2,0.03810794303897882,9.753382529130981
2025-10-16 17:00:00+02:00,2025-10-16 18:00:00+02:00,LONG,0.24472332117223083,normal,108549.21,106534.7842857143,108757.265,108965.31999999999,108965.31999999999,TP2,0.20656507561885123,9.959947604749832
2025-10-16 18:00:00+02:00,2025-10-16 19:00:00+02:00,SHORT,-0.5971971644378821,high,109232.43,111773.7,109210.42,109188.41,109188.41,TP2,0.017322047637594373,9.977269652387427
2025-10-16 19:00:00+02:00,2025-10-16 22:00:00+02:00,SHORT,-0.3253194653825811,high,108276.7,111773.7,107600.485,106924.27,107600.485,TP1,0.1933700314555323,10.17063968384296
2025-10-16 20:00:00+02:00,2025-10-16 21:00:00+02:00,SHORT,-0.48478222651779035,high,108656.19,111773.7,108652.745,108649.29999999999,108649.29999999999,TP2,0.0022100971608796705,10.17284978100384
2025-10-16 21:00:00+02:00,2025-10-16 22:00:00+02:00,SHORT,-0.2564902136084406,high,108197.66,111773.7,107600.485,107003.31,107600.485,TP1,0.16699337815013365,10.339843159153974
2025-10-16 22:00:00+02:00,2025-10-16 23:00:00+02:00,LONG,0.22275787621792248,normal,107838.01,107577.57,107873.35,107908.69000000002,107908.69000000002,TP2,0.271386883735315,10.61123004288929
2025-10-16 23:00:00+02:00,2025-10-17 00:00:00+02:00,SHORT,-0.23741644658879635,normal,108443.7,111773.7,108373.57,108303.44000000002,108303.44000000002,TP2,0.04212012012011418,10.653350163009403
2025-10-17 00:00:00+02:00,2025-10-17 01:00:00+02:00,LONG,0.27605214540101114,high,107798.85,107577.57,107873.35,107947.85,107947.85,TP2,0.6733550253073065,11.32670518831671
2025-10-17 02:00:00+02:00,2025-10-17 03:00:00+02:00,SHORT,-0.269251016655716,high,108800.0,111773.7,108693.8,108587.6,108587.6,TP2,0.07142616941856757,11.398131357735277
2025-10-17 03:00:00+02:00,2025-10-17 04:00:00+02:00,SHORT,-0.29501577253870576,high,108839.84,108849.19,108693.8,108547.76000000001,108849.19,SL,-1.0,10.398131357735277
2025-10-17 04:00:00+02:00,2025-10-17 07:00:00+02:00,SHORT,-0.23031861024067557,normal,108972.97,111136.05285714286,108693.8,108414.63,108414.63,TP2,0.25812233597814593,10.656253693713424
2025-10-17 05:00:00+02:00,2025-10-17 06:00:00+02:00,SHORT,-0.24101810137613183,normal,109176.74,111263.51857142858,109011.2,108845.65999999999,108845.65999999999,TP2,0.15865602825956032,10.814909721972985
2025-10-17 11:00:00+02:00,2025-10-17 12:00:00+02:00,SHORT,-0.3402767082099713,high,104531.35,108849.19,104461.20499999999,104391.05999999997,104391.05999999997,TP2,0.03249078242825982,10.847400504401245
2025-10-17 13:00:00+02:00,2025-10-17 14:00:00+02:00,SHORT,-0.5040778425832543,high,105683.72,108849.19,105529.95999999999,105376.19999999998,105376.19999999998,TP2,0.0971482907751514,10.944548795176397
2025-10-17 14:00:00+02:00,2025-10-17 15:00:00+02:00,LONG,0.21960060430981948,normal,105350.4,104505.0,105415.43,105480.45999999999,105480.45999999999,TP2,0.15384433404305484,11.09839312921945
2025-10-17 15:00:00+02:00,2025-10-17 16:00:00+02:00,SHORT,-0.3427610113690126,high,105835.63,108849.19,105775.785,105715.94,105715.94,TP2,0.03971714517049683,11.138110274389948
2025-10-17 16:00:00+02:00,2025-10-17 17:00:00+02:00,LONG,0.38776136118538934,high,105163.42,104505.0,105415.43,105667.43999999999,105667.43999999999,TP2,0.7654992254184121,11.903609499808361
2025-10-17 17:00:00+02:00,2025-10-17 19:00:00+02:00,SHORT,-0.3815762431202655,high,106803.53,108849.19,106177.97,105552.41,106177.97,TP1,0.30579861756107884,12.20940811736944
2025-10-17 22:00:00+02:00,2025-10-18 00:00:00+02:00,SHORT,-0.3986881212705422,high,107021.37,109382.14714285714,107008.485,106995.6,106995.6,TP2,0.010915896944343185,12.220324014313784
2025-10-17 23:00:00+02:00,2025-10-18 00:00:00+02:00,SHORT,-0.3530700725768923,high,107301.4,109528.3757142857,107083.51,106865.62,106865.62,TP2,0.1956824213234729,12.416006435637257
2025-10-18 00:00:00+02:00,2025-10-18 01:00:00+02:00,SHORT,-0.2919902068605763,high,107000.1,109140.9442857143,106929.94,106859.78,106859.78,TP2,0.06554423455099122,12.481550670188248
2025-10-18 04:00:00+02:00,2025-10-18 05:00:00+02:00,LONG,0.28792350816058065,high,106597.98,104505.0,106805.505,107013.03000000001,107013.03000000001,TP2,0.19830576498581842,12.679856435174067
2025-10-18 06:00:00+02:00,2025-10-18 07:00:00+02:00,LONG,0.27636005678300307,high,106478.71,104505.0,106805.505,107132.3,106805.505,TP1,0.16557396983345943,12.845430405007527
2025-10-18 13:00:00+02:00,2025-10-18 14:00:00+02:00,SHORT,-0.33003652875655337,high,107208.6,107297.87,107083.51,106958.41999999998,107297.87,SL,-1.0,11.845430405007527
2025-10-18 16:00:00+02:00,2025-10-18 17:00:00+02:00,SHORT,-0.2335537270127772,normal,107028.36,107297.87,107008.485,106988.61,106988.61,TP2,0.1474898890579228,11.99292029406545
2025-10-18 18:00:00+02:00,2025-10-18 19:00:00+02:00,LONG,0.27591113994289873,high,106664.01,104505.0,106805.505,106947.00000000001,106947.00000000001,TP2,0.1310739644559407,12.12399425852139
2025-10-19 00:00:00+02:00,2025-10-19 01:00:00+02:00,SHORT,-0.3054606657789293,high,107125.87,107146.18,107083.51,107041.15,107146.18,SL,-1.0,11.12399425852139
2025-10-19 01:00:00+02:00,2025-10-19 02:00:00+02:00,SHORT,-0.25777546929864864,high,107185.01,107862.36428571428,107083.51,106982.01,106982.01,TP2,0.2996954537401808,11.423689712261572
2025-10-19 02:00:00+02:00,2025-10-19 05:00:00+02:00,SHORT,-0.2831621524870116,high,106898.03,107146.18,106177.97,105457.91,107146.18,SL,-1.0,10.423689712261572
2025-10-19 05:00:00+02:00,2025-10-19 06:00:00+02:00,SHORT,-0.2684034929163127,high,107275.78,107283.71,107083.51,106891.23999999999,107283.71,SL,-1.0,9.423689712261572
2025-10-19 08:00:00+02:00,2025-10-19 09:00:00+02:00,LONG,0.46024372950942205,high,106777.75,106734.17,106805.505,106833.26000000001,106734.17,SL,-1.0,8.423689712261572
2025-10-19 09:00:00+02:00,2025-10-19 10:00:00+02:00,LONG,0.4233689087047698,high,106786.0,106734.17,106805.505,106825.01000000001,106734.17,SL,-1.0,7.423689712261572
2025-10-19 10:00:00+02:00,2025-10-19 11:00:00+02:00,LONG,0.5283687376995496,high,106443.95,105704.56714285714,106805.505,107167.06000000001,107167.06000000001,TP2,0.9779912977618562,8.401681010023427
2025-10-19 11:00:00+02:00,2025-10-19 12:00:00+02:00,LONG,0.3385937844566857,high,107401.47,106278.74,107667.08,107932.69,107667.08,TP1,0.23657513382558723,8.638256143849015
2025-10-19 12:00:00+02:00,2025-10-19 13:00:00+02:00,LONG,0.3343396466807809,high,107882.71,106278.74,108018.265,108153.81999999999,108153.81999999999,TP2,0.16902435831093215,8.807280502159946
2025-10-19 13:00:00+02:00,2025-10-19 15:00:00+02:00,LONG,0.266384331117193,high,107783.47,106278.74,107873.35,107963.23000000001,107963.23000000001,TP2,0.11946329241791537,8.926743794577861
2025-10-19 19:00:00+02:00,2025-10-19 21:00:00+02:00,SHORT,-0.27646579851484293,high,109113.52,110489.52142857143,109011.2,108908.87999999999,108908.87999999999,TP2,0.14872077582976956,9.07546457040763
2025-10-19 20:00:00+02:00,2025-10-19 21:00:00+02:00,SHORT,-0.26105924414803333,high,109383.01,109437.43,109311.97,109240.93000000001,109240.93000000001,TP2,2.610804851157511,11.686269421565141
2025-10-19 21:00:00+02:00,2025-10-19 23:00:00+02:00,SHORT,-0.29839794031353883,high,108908.43,109437.43,108693.8,108479.17000000001,108693.8,TP1,0.4057277882797545,12.091997209844896
2025-10-19 22:00:00+02:00,2025-10-19 23:00:00+02:00,SHORT,-0.22127410993395957,normal,108845.06,109437.43,108693.8,108542.54000000001,108693.8,TP1,0.2553471647787632,12.34734437462366
2025-10-20 00:00:00+02:00,2025-10-20 01:00:00+02:00,SHORT,-0.2272638469810303,normal,109146.8,109437.43,109011.2,108875.59999999999,108875.59999999999,TP2,0.9331452362110617,13.28048961083472
2025-10-20 02:00:00+02:00,2025-10-20 03:00:00+02:00,LONG,0.22485324843772614,normal,108047.46,106849.77714285716,108107.14,108166.81999999999,108166.81999999999,TP2,0.09965910365013253,13.380148714484854
2025-10-20 03:00:00+02:00,2025-10-20 04:00:00+02:00,LONG,0.2751370664440087,high,108053.58,106890.95571428572,108107.14,108160.7,108160.7,TP2,0.09213638603307196,13.472285100517926
2025-10-20 05:00:00+02:00,2025-10-20 06:00:00+02:00,LONG,0.23095208856637917,normal,110145.44,108620.0,110158.93,110172.41999999998,110172.41999999998,TP2,0.017686700230740857,13.489971800748666
2025-10-20 08:00:00+02:00,2025-10-20 09:00:00+02:00,SHORT,-0.3732600568939428,high,111298.55,112715.18,111222.89,111147.23,111147.23,TP2,0.10681688231931276,13.59678868306798
2025-10-20 09:00:00+02:00,2025-10-20 10:00:00+02:00,SHORT,-0.38836442154106077,high,111169.92,111377.34,110908.04000000001,110646.16000000002,111377.34,SL,-1.0,12.59678868306798
2025-10-20 10:00:00+02:00,2025-10-20 11:00:00+02:00,SHORT,-0.29593098339142737,high,111097.15,111445.67,110908.04000000001,110718.93000000002,110718.93000000002,TP2,1.0852174911051522,13.682006174173132
2025-10-20 15:00:00+02:00,2025-10-20 16:00:00+02:00,SHORT,-0.20701900002301593,normal,111161.35,111445.67,110908.04000000001,110654.73000000001,110908.04000000001,TP1,0.8909327518289407,14.572938926002074
2025-10-20 16:00:00+02:00,2025-10-20 17:00:00+02:00,SHORT,-0.21832654741590507,normal,111210.86,111445.67,110908.04000000001,110605.22000000002,111445.67,SL,-1.0,13.572938926002074
2025-10-20 18:00:00+02:00,2025-10-20 19:00:00+02:00,SHORT,-0.2021088137396912,normal,110683.19,111395.84,110672.935,110662.68,110662.68,TP2,0.028779905984718277,13.601718831986792
2025-10-20 20:00:00+02:00,2025-10-20 21:00:00+02:00,SHORT,-0.295084753860379,high,110937.92,111395.84,110908.04000000001,110878.16000000002,110878.16000000002,TP2,0.13050314465404533,13.732221976640838
2025-10-20 22:00:00+02:00,2025-10-20 23:00:00+02:00,SHORT,-0.21505664813329833,normal,111091.46,111395.84,110908.04000000001,110724.62000000001,110724.62000000001,TP2,1.2052040212892057,14.937425997930044
2025-10-21 03:00:00+02:00,2025-10-21 04:00:00+02:00,SHORT,-0.3651313803970951,high,109863.19,111395.84,109803.73499999999,109744.27999999997,109744.27999999997,TP2,0.07758457573485991,15.015010573664904
2025-10-21 04:00:00+02:00,2025-10-21 05:00:00+02:00,SHORT,-0.40140342946944796,high,109514.92,111395.84,109491.0,109467.08,109467.08,TP2,0.025434361908000632,15.040444935572905
2025-10-21 05:00:00+02:00,2025-10-21 06:00:00+02:00,SHORT,-0.5258642393980635,high,109059.22,111395.84,109011.2,108963.18,108963.18,TP2,0.04110210474959914,15.081547040322505
2025-10-21 06:00:00+02:00,2025-10-21 07:00:00+02:00,LONG,0.3294893943198733,high,107779.7,106290.71,107873.35,107967.00000000001,107967.00000000001,TP2,0.1257899650098514,15.207337005332356
2025-10-21 07:00:00+02:00,2025-10-21 08:00:00+02:00,LONG,0.2717542131712718,high,107537.12,106076.48428571428,107667.08,107797.04000000001,107797.04000000001,TP2,0.17794991417632122,15.385286919508676
2025-10-21 09:00:00+02:00,2025-10-21 10:00:00+02:00,SHORT,-0.4990901190497245,high,108086.37,111395.84,107600.485,107114.6,107600.485,TP1,0.14681655975125762,15.532103479259934
2025-10-21 10:00:00+02:00,2025-10-21 12:00:00+02:00,LONG,0.25864309983927397,high,107695.79,106419.08285714286,107873.35,108050.91000000002,108050.91000000002,TP2,0.2781530611674211,15.810256540427355
2025-10-21 12:00:00+02:00,2025-10-21 14:00:00+02:00,LONG,0.27959821736338647,high,108499.56,107162.02428571429,108757.265,109014.97,109014.97,TP2,0.385342981495825,16.19559952192318
2025-10-21 17:00:00+02:00,2025-10-21 18:00:00+02:00,SHORT,-0.25425117857944896,high,113422.61,115527.37714285713,113395.985,113369.36,113369.36,TP2,0.025299710792575057,16.220899232715755
2025-10-21 18:00:00+02:00,2025-10-21 19:00:00+02:00,SHORT,-0.5154646401240602,high,112565.88,113557.62,112381.235,112196.59,112196.59,TP2,0.3723657410208438,16.5932649737366
2025-10-21 19:00:00+02:00,2025-10-21 20:00:00+02:00,SHORT,-0.4126145553127251,high,111973.42,113557.62,111879.03,111784.64,111784.64,TP2,0.11916424693851735,16.712429220675116
2025-10-21 20:00:00+02:00,2025-10-21 21:00:00+02:00,SHORT,-0.4917998218595252,high,111990.55,113557.62,111879.03,111767.51,111767.51,TP2,0.1423293152188538,16.854758535893968
2025-10-21 21:00:00+02:00,2025-10-21 22:00:00+02:00,SHORT,-0.4428269313554047,high,111780.39,113557.62,111767.64499999999,111754.89999999998,111754.89999999998,TP2,0.014342544296472515,16.86910108019044
2025-10-21 22:00:00+02:00,2025-10-21 23:00:00+02:00,SHORT,-0.3976823059804414,high,110787.56,113557.62,110766.76999999999,110745.97999999998,110745.97999999998,TP2,0.01501050518761916,16.884111585378058
2025-10-21 23:00:00+02:00,2025-10-22 00:00:00+02:00,SHORT,-0.4815384568910533,high,110816.32,113557.62,110766.76999999999,110717.21999999997,110717.21999999997,TP2,0.03615073140482083,16.92026231678288
2025-10-22 00:00:00+02:00,2025-10-22 01:00:00+02:00,SHORT,-0.4934930768951822,high,109066.98,113557.62,109011.2,108955.42,108955.42,TP2,0.024842784102042846,16.94510510088492
2025-10-22 01:00:00+02:00,2025-10-22 13:00:00+02:00,SHORT,-0.45157678593113837,high,108297.67,113557.62,107600.485,106903.3,106903.3,TP2,0.2650918734968956,17.210196974381816
2025-10-22 03:00:00+02:00,2025-10-22 04:00:00+02:00,SHORT,-0.6751561168486014,high,108364.21,113557.62,108333.095,108301.98,108301.98,TP2,0.011982493198112726,17.222179467579927
2025-10-22 04:00:00+02:00,2025-10-22 13:00:00+02:00,SHORT,-0.6161404821725894,high,108198.85,113557.62,107600.485,107002.12,107002.12,TP2,0.22332176973447504,17.445501237314403
2025-10-22 05:00:00+02:00,2025-10-22 13:00:00+02:00,SHORT,-0.6568870626139534,high,108216.02,113557.62,107600.485,106984.95,106984.95,TP2,0.23046839898158022,17.67596963629598
2025-10-22 06:00:00+02:00,2025-10-22 07:00:00+02:00,SHORT,-0.3120218309066786,high,108625.6,113557.62,108515.775,108405.94999999998,108405.94999999998,TP2,0.04453550472220789,17.72050514101819
2025-10-22 07:00:00+02:00,2025-10-22 13:00:00+02:00,SHORT,-0.33615039376998235,high,108166.81,113557.62,107600.485,107034.16,107034.16,TP2,0.21010757196042795,17.93061271297862
2025-10-22 08:00:00+02:00,2025-10-22 13:00:00+02:00,SHORT,-0.24244703198560402,normal,107980.02,113557.62,107600.485,107220.95,107220.95,TP2,0.1360925846242126,18.06670529760283
2025-10-22 14:00:00+02:00,2025-10-22 15:00:00+02:00,LONG,0.2718127306294426,high,108044.96,107860.92,108107.14,108169.31999999999,107860.92,SL,-1.0,17.06670529760283
2025-10-22 18:00:00+02:00,2025-10-22 19:00:00+02:00,SHORT,-0.38417871340460885,high,108226.0,109014.34,107600.485,106974.97,107600.485,TP1,0.7934584062714085,17.86016370387424
2025-10-22 19:00:00+02:00,2025-10-22 20:00:00+02:00,SHORT,-0.36381256591874644,high,107778.45,109014.34,107600.485,107422.52,107600.485,TP1,0.1439974431381406,18.00416114701238
2025-10-22 20:00:00+02:00,2025-10-22 22:00:00+02:00,SHORT,-0.21717224881585145,normal,108023.33,109014.34,107600.485,107177.64,107600.485,TP1,0.4266808609398527,18.430842007952233
2025-10-22 21:00:00+02:00,2025-10-22 22:00:00+02:00,SHORT,-0.20901379176753676,normal,107870.35,109014.34,107600.485,107330.62,107600.485,TP1,0.23589804106679904,18.666740049019033
2025-10-22 22:00:00+02:00,2025-10-22 23:00:00+02:00,SHORT,-0.2339703598489712,normal,107696.03,109014.34,107600.485,107504.94,107504.94,TP2,0.1449507323770561,18.811690781396088
2025-10-22 23:00:00+02:00,2025-10-23 00:00:00+02:00,LONG,0.21539587451333736,normal,107207.98,105377.09571428571,107279.31,107350.64,107350.64,TP2,0.0779186326045434,18.88960941400063
2025-10-23 00:00:00+02:00,2025-10-23 01:00:00+02:00,LONG,0.22406945488477142,normal,107196.82,105296.39571428573,107279.31,107361.79999999999,107361.79999999999,TP2,0.08681219306665143,18.976421607067284
2025-10-23 02:00:00+02:00,2025-10-23 03:00:00+02:00,LONG,0.43469774801120786,high,107845.3,107500.0,107873.35,107901.40000000001,107901.40000000001,TP2,0.1624674196351154,19.138889026702397
2025-10-23 03:00:00+02:00,2025-10-23 04:00:00+02:00,LONG,0.4924067288816954,high,108150.0,107500.0,108277.845,108405.69,108405.69,TP2,0.39336923076923436,19.532258257471632
2025-10-23 04:00:00+02:00,2025-10-23 05:00:00+02:00,LONG,0.37773215044996744,high,108410.29,107500.0,108423.815,108437.34000000001,108437.34000000001,TP2,0.02971580485341776,19.56197406232505
2025-10-23 05:00:00+02:00,2025-10-23 06:00:00+02:00,LONG,0.30685503913355366,high,108377.96,107500.0,108423.815,108469.67,108469.67,TP2,0.10445806187069022,19.66643212419574
2025-10-23 06:00:00+02:00,2025-10-23 07:00:00+02:00,LONG,0.31453953991713623,high,108644.32,107500.0,108757.265,108870.20999999999,108870.20999999999,TP2,0.1974010766219095,19.86383320081765
2025-10-23 07:00:00+02:00,2025-10-23 08:00:00+02:00,LONG,0.3009930251619186,high,108940.58,107500.0,109012.88500000001,109085.19000000002,109085.19000000002,TP2,0.10038317899735867,19.964216379815007
2025-10-23 08:00:00+02:00,2025-10-23 09:00:00+02:00,SHORT,-0.34701179861781967,high,110246.94,111640.52,110230.745,110214.54999999999,110214.54999999999,TP2,0.02324229681827662,19.987458676633285
2025-10-23 11:00:00+02:00,2025-10-23 13:00:00+02:00,SHORT,-0.2999675842720455,high,109426.99,110807.83857142857,109311.97,109196.95,109196.95,TP2,0.1665932128691122,20.154051889502398
2025-10-23 19:00:00+02:00,2025-10-23 20:00:00+02:00,SHORT,-0.21198898613087275,normal,111241.71,112839.73285714287,111222.89,111204.06999999999,111204.06999999999,TP2,0.023554106145459868,20.17760599564786
2025-10-23 20:00:00+02:00,2025-10-23 21:00:00+02:00,SHORT,-0.2983983760214044,high,110571.66,112232.24142857143,110505.63,110439.6,110439.6,TP2,0.07952636210896727,20.257132357756827
2025-10-23 21:00:00+02:00,2025-10-23 22:00:00+02:00,SHORT,-0.29722197246754506,high,110200.0,111881.17285714285,110198.38,110196.76000000001,110196.76000000001,TP2,0.001927225975737589,20.259059583732565
2025-10-24 16:00:00+02:00,2025-10-24 17:00:00+02:00,LONG,0.24069171163572955,normal,110219.17,108864.72857142857,110315.295,110411.42,110411.42,TP2,0.14194043089982253,20.401000014632388
2025-10-24 18:00:00+02:00,2025-10-24 19:00:00+02:00,LONG,0.23835845064307576,normal,110261.81,108861.84428571428,110315.295,110368.78,110368.78,TP2,0.0764090140983051,20.477409028730694
2025-10-25 10:00:00+02:00,2025-10-25 11:00:00+02:00,SHORT,-0.3737625836397809,high,111763.8,112451.86,111602.37,111440.93999999999,111602.37,TP1,0.2346161671947332,20.712025195925428
2025-10-25 14:00:00+02:00,2025-10-25 15:00:00+02:00,SHORT,-0.3355497348553518,high,111899.03,112539.20285714285,111879.03,111859.03,111859.03,TP2,0.06248312397767599,20.774508319903102
2025-10-26 02:00:00+01:00,2025-10-26 04:00:00+01:00,LONG,0.38740239897686696,high,111644.42,111311.19,111705.315,111766.21,111311.19,SL,-1.0,19.774508319903102
2025-10-26 03:00:00+01:00,2025-10-26 04:00:00+01:00,LONG,0.37519401885288356,high,111448.85,111311.19,111506.62,111564.38999999998,111311.19,SL,-1.0,18.774508319903102
2025-10-26 04:00:00+01:00,2025-10-26 06:00:00+01:00,LONG,0.6397434780392892,high,111260.46,110749.59285714285,111506.62,111752.77999999998,111506.62,TP1,0.48184739113045444,19.256355711033557
2025-10-26 05:00:00+01:00,2025-10-26 06:00:00+01:00,LONG,0.6278745622316803,high,111430.4,111311.19,111506.62,111582.84,111582.84,TP2,1.2787517825686834,20.53510749360224
2025-10-26 06:00:00+01:00,2025-10-26 08:00:00+01:00,LONG,0.5773197067417545,high,111615.32,111311.19,111705.315,111795.31,111705.315,TP1,0.29590964390225877,20.8310171375045
2025-10-26 07:00:00+01:00,2025-10-26 08:00:00+01:00,LONG,0.6151928460908337,high,111635.95,111311.19,111705.315,111774.68000000001,111705.315,TP1,0.21358849612023142,21.04460563362473
2025-10-26 08:00:00+01:00,2025-10-26 10:00:00+01:00,LONG,0.5991794056034961,high,111723.98,111311.19,112006.255,112288.53000000001,112288.53000000001,TP2,1.3676445650331313,22.412250198657862
2025-10-26 09:00:00+01:00,2025-10-26 10:00:00+01:00,LONG,0.5630324447521563,high,111776.94,111311.19,112006.255,112235.57,112235.57,TP2,0.9847128287708098,23.396963027428672
2025-10-26 10:00:00+01:00,2025-10-26 12:00:00+01:00,LONG,0.5488197578339329,high,112528.83,111311.19,112737.045,112945.26,112945.26,TP2,0.3419976347688916,23.738960662197563
2025-10-26 11:00:00+01:00,2025-10-26 12:00:00+01:00,LONG,0.33925542619548005,high,112477.1,111311.19,112737.045,112996.98999999999,112996.98999999999,TP2,0.4459092039694173,24.18486986616698
2025-10-26 12:00:00+01:00,2025-10-26 14:00:00+01:00,LONG,0.3690878226865655,high,113286.09,111311.19,113987.805,114689.51999999999,113987.805,TP1,0.35531672489746247,24.540186591064444
2025-10-26 14:00:00+01:00,2025-10-26 15:00:00+01:00,SHORT,-0.2593344820172166,high,113711.53,113827.02,113623.52,113535.51000000001,113827.02,SL,-1.0,23.540186591064444
2025-10-26 15:00:00+01:00,2025-10-26 17:00:00+01:00,SHORT,-0.3516106289400761,high,113575.36,113827.02,113395.985,113216.61,113395.985,TP1,0.7127672256218609,24.252953816686304
2025-10-26 16:00:00+01:00,2025-10-26 17:00:00+01:00,SHORT,-0.30565767161784785,high,113694.97,113827.02,113623.52,113552.07,113552.07,TP2,1.0821658462702841,25.33511966295659
2025-10-26 17:00:00+01:00,2025-10-26 21:00:00+01:00,SHORT,-0.32440336378961926,high,113517.53,113827.02,113395.985,113274.44,113395.985,TP1,0.3927267439981783,25.727846406954768
2025-10-27 01:00:00+01:00,2025-10-27 02:00:00+01:00,LONG,0.3798797693092026,high,114767.29,113283.11,114934.35,115101.41000000002,115101.41000000002,TP2,0.22512094220379336,25.952967349158563
2025-10-27 02:00:00+01:00,2025-10-27 03:00:00+01:00,LONG,0.39089603137802964,high,115284.01,113283.11,115322.45999999999,115360.90999999999,115360.90999999999,TP2,0.03843270528262002,25.991400054441183
2025-10-27 03:00:00+01:00,2025-10-27 04:00:00+01:00,LONG,0.33848820418139103,high,114883.39,113283.11,114934.35,114985.31000000001,114985.31000000001,TP2,0.06368885445047921,26.055088908891662
2025-10-27 04:00:00+01:00,2025-10-27 05:00:00+01:00,LONG,0.2903655290532532,high,114958.51,113283.11,115061.715,115164.92,115164.92,TP2,0.12320042974812237,26.178289338639786
2025-10-27 05:00:00+01:00,2025-10-27 06:00:00+01:00,LONG,0.28501685313489417,high,115256.44,113283.11,115267.815,115279.19,115279.19,TP2,0.0115287356904319,26.18981807433022
2025-10-27 06:00:00+01:00,2025-10-28 21:00:00+01:00,LONG,0.3988679351760805,high,115556.57,113283.11,120171.885,124787.19999999998,113283.11,SL,-1.0,25.18981807433022
2025-10-27 13:00:00+01:00,2025-10-27 14:00:00+01:00,LONG,0.27974676147167366,high,115065.67,114900.0,115249.54,115433.40999999999,114900.0,SL,-1.0,24.18981807433022
2025-10-27 15:00:00+01:00,2025-10-27 16:00:00+01:00,LONG,0.276875681586091,high,114810.05,114566.83,114934.35,115058.65000000001,115058.65000000001,TP2,1.0221198914563137,25.211937965786532
2025-10-27 17:00:00+01:00,2025-10-27 18:00:00+01:00,SHORT,-0.37984592453634425,high,115497.57,115528.74,115426.315,115355.06,115528.74,SL,-1.0,24.211937965786532
2025-10-27 18:00:00+01:00,2025-10-27 19:00:00+01:00,SHORT,-0.24041742702892865,normal,115706.06,116884.10857142857,115532.58,115359.1,115359.1,TP2,0.29452096323944144,24.506458929025975
2025-10-27 19:00:00+01:00,2025-10-27 20:00:00+01:00,SHORT,-0.2089055695433943,normal,115342.19,115706.06,115152.265,114962.34,114962.34,TP2,1.043916783466652,25.550375712492627
2025-10-27 21:00:00+01:00,2025-10-27 22:00:00+01:00,SHORT,-0.27300044376405974,high,114455.17,115706.06,114173.13,113891.09000000001,114173.13,TP1,0.225471464317401,25.77584717681003
2025-10-27 22:00:00+01:00,2025-10-27 23:00:00+01:00,SHORT,-0.3338022580157411,high,114302.7,115706.06,114173.13,114043.56000000001,114173.13,TP1,0.09232841181164661,25.868175588621675
2025-10-27 23:00:00+01:00,2025-10-28 00:00:00+01:00,SHORT,-0.3579248968844985,high,114112.51,115706.06,113918.965,113725.42,113918.965,TP1,0.121455241442062,25.98963083006374
2025-10-28 00:00:00+01:00,2025-10-28 01:00:00+01:00,SHORT,-0.3718312745726008,high,114107.65,115706.06,113918.965,113730.28,113918.965,TP1,0.11804543264869292,26.10767626271243
2025-10-28 05:00:00+01:00,2025-10-28 06:00:00+01:00,LONG,0.20185392443547556,normal,113964.59,113788.32,113987.805,114011.01999999999,113788.32,SL,-1.0,25.10767626271243
2025-10-28 06:00:00+01:00,2025-10-28 07:00:00+01:00,LONG,0.2190387273723054,normal,113605.31,113569.91,113987.805,114370.29999999999,113987.805,TP1,10.804943502826504,35.912619765538935
2025-10-28 07:00:00+01:00,2025-10-28 08:00:00+01:00,LONG,0.20830519287294835,normal,114115.52,113569.91,114289.57,114463.62000000001,114289.57,TP1,0.3190007514525077,36.23162051699144
2025-10-28 09:00:00+01:00,2025-10-28 14:00:00+01:00,LONG,0.26250229481708115,high,114427.23,113569.91,114934.35,115441.47000000002,115441.47000000002,TP2,1.1830355059954611,37.414656022986904
2025-10-28 17:00:00+01:00,2025-10-28 18:00:00+01:00,SHORT,-0.23621248899972302,normal,115341.59,115522.91,115152.265,114962.94,115522.91,SL,-1.0,36.414656022986904
2025-10-28 20:00:00+01:00,2025-10-28 21:00:00+01:00,SHORT,-0.45673668920626376,high,113689.99,115522.91,113623.52,113557.05,113557.05,TP2,0.07252907928333067,36.48718510227023
2025-10-28 21:00:00+01:00,2025-10-28 22:00:00+01:00,SHORT,-0.5052384898910738,high,112808.05,115522.91,112743.10500000001,112678.16000000002,112678.16000000002,TP2,0.04784408772459163,36.53502918999482
2025-10-28 22:00:00+01:00,2025-10-28 23:00:00+01:00,SHORT,-0.46085975957905023,high,112994.4,115522.91,112983.005,112971.61000000002,112971.61000000002,TP2,0.009013213315343408,36.544042403310165
2025-10-28 23:00:00+01:00,2025-10-29 00:00:00+01:00,SHORT,-0.41381801191180134,high,113224.08,115522.91,113172.545,113121.01,113121.01,TP2,0.04483585128087197,36.58887825459104
2025-10-29 00:00:00+01:00,2025-10-29 01:00:00+01:00,SHORT,-0.3172372063082946,high,112898.45,115522.91,112743.10500000001,112587.76000000002,112587.76000000002,TP2,0.11838244819885708,36.707260702789895
2025-10-29 02:00:00+01:00,2025-10-29 03:00:00+01:00,LONG,0.3281894589404588,high,112500.03,112211.0,112737.045,112974.06,112737.045,TP1,0.8200359824239711,37.52729668521387
2025-10-29 03:00:00+01:00,2025-10-29 05:00:00+01:00,LONG,0.20280590931224296,normal,112666.75,112211.0,112737.045,112807.34,112807.34,TP2,0.30848052660449043,37.83577721181836
2025-10-29 08:00:00+01:00,2025-10-29 09:00:00+01:00,SHORT,-0.21790340090783417,normal,113577.9,115522.91,113395.985,113214.07,113214.07,TP2,0.18705816422536925,38.02283537604373
2025-10-29 11:00:00+01:00,2025-10-29 12:00:00+01:00,LONG,0.21992349531275757,normal,112870.01,112768.63,112925.555,112981.09999999999,112768.63,SL,-1.0,37.02283537604373
2025-10-29 16:00:00+01:00,2025-10-29 17:00:00+01:00,SHORT,-0.36279680202189574,high,111509.74,113624.12,111500.0,111490.26,111490.26,TP2,0.009213102658940478,37.03204847870267
2025-10-29 18:00:00+01:00,2025-10-29 19:00:00+01:00,SHORT,-0.4620030904841662,high,111883.49,113624.12,111879.03,111874.56999999999,111874.56999999999,TP2,0.005124581329755811,37.03717306003242
2025-10-29 19:00:00+01:00,2025-10-29 20:00:00+01:00,SHORT,-0.2504804689480298,high,110806.38,113624.12,110766.76999999999,110727.15999999997,110727.15999999997,TP2,0.028114730244816956,37.06528779027724
2025-10-29 21:00:00+01:00,2025-10-29 22:00:00+01:00,SHORT,-0.43336339084886205,high,111433.46,113624.12,111424.87,111416.27999999998,111416.27999999998,TP2,0.007842385399843976,37.073130175677086
2025-10-29 22:00:00+01:00,2025-10-29 23:00:00+01:00,SHORT,-0.2529025213378957,high,111617.26,113624.12,111602.37,111587.48,111587.48,TP2,0.01483910188054913,37.08796927755763
2025-10-30 00:00:00+01:00,2025-10-30 01:00:00+01:00,LONG,0.3048840063459972,high,110021.29,108137.48857142856,110101.235,110181.18000000001,110181.18000000001,TP2,0.08487624946821787,37.17284552702585
2025-10-30 01:00:00+01:00,2025-10-30 02:00:00+01:00,SHORT,-0.22560288302087983,normal,110559.48,113624.12,110505.63,110451.78000000001,110451.78000000001,TP2,0.035142790017745174,37.20798831704359
2025-10-30 03:00:00+01:00,2025-10-30 04:00:00+01:00,SHORT,-0.3195923686258855,high,110985.92,113624.12,110908.04000000001,110830.16000000002,110830.16000000002,TP2,0.059040254719119244,37.267028571762715
2025-10-30 04:00:00+01:00,2025-10-30 05:00:00+01:00,SHORT,-0.2066156037111881,normal,110751.47,113624.12,110672.935,110594.4,110594.4,TP2,0.054677736584689156,37.3217063083474
2025-10-30 05:00:00+01:00,2025-10-30 06:00:00+01:00,LONG,0.2733792851660684,high,108575.27,106339.37857142858,108757.265,108939.26,108939.26,TP2,0.16279413004975557,37.484500438397156
2025-10-30 06:00:00+01:00,2025-10-30 07:00:00+01:00,LONG,0.20190367345578547,normal,110248.29,109733.22,110315.295,110382.3,110382.3,TP2,0.26017822820201386,37.74467866659917
2025-10-30 08:00:00+01:00,2025-10-30 09:00:00+01:00,SHORT,-0.3711939935552636,high,111366.72,113624.12,111336.97,111307.22,111307.22,TP2,0.02635775671126081,37.771036423310434
2025-10-30 11:00:00+01:00,2025-10-30 12:00:00+01:00,SHORT,-0.3010707787839178,high,110105.75,113624.12,110045.445,109985.14000000001,109985.14000000001,TP2,0.03428007855910157,37.805316501869534
2025-10-30 12:00:00+01:00,2025-10-30 13:00:00+01:00,SHORT,-0.31990471079734206,high,109717.29,113624.12,109491.0,109264.71,109264.71,TP2,0.11584327958984317,37.92115978145938
2025-10-30 13:00:00+01:00,2025-10-30 14:00:00+01:00,SHORT,-0.3737590031733087,high,108387.86,113624.12,108373.57,108359.28000000001,108359.28000000001,TP2,0.005458094135888444,37.92661787559527
2025-10-30 15:00:00+01:00,2025-10-30 16:00:00+01:00,SHORT,-0.4868387027839345,high,108285.54,113624.12,107600.485,106915.43000000001,107600.485,TP1,0.1283215761494616,38.05493945174473
2025-10-30 17:00:00+01:00,2025-10-30 18:00:00+01:00,SHORT,-0.5499451211372623,high,108144.57,113624.12,107600.485,107056.4,107056.4,TP2,0.19858747524888268,38.253526926993615
2025-10-30 18:00:00+01:00,2025-10-30 19:00:00+01:00,SHORT,-0.3995903844446518,high,107486.69,113624.12,107083.51,106680.32999999999,107083.51,TP1,0.06569199159909082,38.3192189185927
2025-10-30 19:00:00+01:00,2025-10-30 20:00:00+01:00,LONG,0.2526508615730184,high,106837.09,106801.0,106952.98999999999,107068.88999999998,106801.0,SL,-1.0,37.3192189185927
2025-10-30 20:00:00+01:00,2025-10-30 21:00:00+01:00,LONG,0.3242917252912992,high,106536.39,104750.19142857143,106805.505,107074.62000000001,107074.62000000001,TP2,0.3013270800958842,37.620545998688584
2025-10-31 01:00:00+01:00,2025-10-31 02:00:00+01:00,LONG,0.21603337260005823,normal,109317.21,106801.0,109461.235,109605.26,109605.26,TP2,0.1144777264218756,37.73502372511046
2025-10-31 02:00:00+01:00,2025-10-31 03:00:00+01:00,SHORT,-0.32332157048134247,high,109619.77,113624.12,109491.0,109362.23,109362.23,TP2,0.06431505737510675,37.79933878248556
2025-10-31 09:00:00+01:00,2025-10-31 10:00:00+01:00,SHORT,-0.22963279415172427,normal,110062.44,113624.12,110045.445,110028.45000000001,110028.45000000001,TP2,0.009543249253158833,37.80888203173872
2025-10-31 10:00:00+01:00,2025-10-31 11:00:00+01:00,LONG,0.2845986116612594,high,109848.39,106801.0,109990.935,110133.48,109990.935,TP1,0.04677609364078713,37.855658125379506
2025-10-31 13:00:00+01:00,2025-10-31 14:00:00+01:00,LONG,0.3235538560443133,high,109653.19,106801.0,109691.575,109729.95999999999,109729.95999999999,TP2,0.026916159161903472,37.88257428454141
2025-10-31 14:00:00+01:00,2025-10-31 15:00:00+01:00,LONG,0.2105965805909074,normal,110157.54,106801.0,110158.93,110160.31999999999,110160.31999999999,TP2,0.0008282338360331892,37.883402518377444
2025-10-31 17:00:00+01:00,2025-10-31 18:00:00+01:00,LONG,0.5886330709125632,high,108845.4,106801.0,109012.88500000001,109180.37000000002,109180.37000000002,TP2,0.16384758364313795,38.047250102020584
2025-10-31 18:00:00+01:00,2025-10-31 19:00:00+01:00,LONG,0.3601515176134893,high,109299.98,108671.25,109461.235,109622.49,109622.49,TP2,0.5129546864313956,38.560204788451976
2025-10-31 19:00:00+01:00,2025-10-31 20:00:00+01:00,LONG,0.4043542297313095,high,109452.35,108671.25,109461.235,109470.12,109470.12,TP2,0.022749967993841238,38.582954756445815
2025-10-31 21:00:00+01:00,2025-10-31 22:00:00+01:00,LONG,0.33177965878126564,high,109493.85,108671.25,109508.16,109522.47,109522.47,TP2,0.03479212253828731,38.6177468789841
2025-10-31 22:00:00+01:00,2025-10-31 23:00:00+01:00,LONG,0.2772911308610564,high,109558.48,108671.25,109691.575,109824.67,109691.575,TP1,0.1500118345862987,38.7677587135704
2025-10-31 23:00:00+01:00,2025-11-01 01:00:00+01:00,LONG,0.36547972826122505,high,109580.09,108671.25,109691.575,109803.06,109691.575,TP1,0.12266735619030963,38.890426069760714
2025-11-01 00:00:00+01:00,2025-11-01 01:00:00+01:00,LONG,0.3613691686700632,high,109608.01,108671.25,109691.575,109775.14,109691.575,TP1,0.08920641359580127,38.97963248335652
2025-11-01 01:00:00+01:00,2025-11-01 02:00:00+01:00,LONG,0.288564033566113,high,109730.78,108671.25,109783.11,109835.44,109835.44,TP2,0.09877964757959058,39.07841213093611
2025-11-01 02:00:00+01:00,2025-11-01 03:00:00+01:00,LONG,0.21871814743500936,normal,109734.11,108671.25,109783.11,109832.11,109832.11,TP2,0.09220405321491067,39.17061618415102
2025-11-01 03:00:00+01:00,2025-11-01 04:00:00+01:00,LONG,0.21455203839311718,normal,109790.27,108671.25,109990.935,110191.59999999999,110191.59999999999,TP2,0.35864417079228766,39.52926035494331
2025-11-01 17:00:00+01:00,2025-11-01 18:00:00+01:00,SHORT,-0.2313009437964238,normal,110464.33,111096.94714285714,110456.57,110448.81000000001,110448.81000000001,TP2,0.024533005744825847,39.55379336068814
2025-11-01 22:00:00+01:00,2025-11-01 23:00:00+01:00,LONG,0.6579016405570092,high,109862.85,109854.72,109990.935,110119.01999999999,109990.935,TP1,15.754612546115435,55.30840590680357
2025-11-01 23:00:00+01:00,2025-11-02 00:00:00+01:00,LONG,0.45829439713269665,high,110092.78,109854.72,110101.235,110109.69,110109.69,TP2,0.07103251281191153,55.37943841961548
2025-11-02 00:00:00+01:00,2025-11-02 01:00:00+01:00,LONG,0.44972637031766416,high,110098.1,109854.72,110101.235,110104.37,110104.37,TP2,0.025762182595075202,55.405200602210556
2025-11-02 01:00:00+01:00,2025-11-02 02:00:00+01:00,LONG,0.5078249958359763,high,109974.09,109854.72,109990.935,110007.78,110007.78,TP2,0.28223171651171686,55.68743231872227
2025-11-02 02:00:00+01:00,2025-11-02 03:00:00+01:00,LONG,0.5480079058679618,high,109978.01,109854.72,109990.935,110003.86,110003.86,TP2,0.20966826182177925,55.897100580544056
2025-11-02 03:00:00+01:00,2025-11-02 05:00:00+01:00,LONG,0.5593254671712372,high,110015.77,109854.72,110101.235,110186.7,110186.7,TP2,1.061347407637317,56.95844798818137
2025-11-02 04:00:00+01:00,2025-11-02 05:00:00+01:00,LONG,0.5430668666311257,high,110053.23,109854.72,110101.235,110149.24,110149.24,TP2,0.48365321646270637,57.442101204644075
2025-11-02 06:00:00+01:00,2025-11-02 07:00:00+01:00,LONG,0.40223857830264176,high,110497.98,109854.72,110536.91500000001,110575.85000000002,110575.85000000002,TP2,0.12105524982126213,57.563156454465336
2025-11-02 08:00:00+01:00,2025-11-02 09:00:00+01:00,SHORT,-0.4292788336353851,high,110895.53,111560.00714285714,110766.76999999999,110638.00999999998,110766.76999999999,TP1,0.19377641711852256,57.75693287158386
2025-11-02 09:00:00+01:00,2025-11-02 10:00:00+01:00,SHORT,-0.4302492279576161,high,110850.17,111533.12,110766.76999999999,110683.36999999998,110683.36999999998,TP2,0.2442345706128094,58.00116744219667
2025-11-02 10:00:00+01:00,2025-11-02 11:00:00+01:00,SHORT,-0.21093143454372434,normal,110714.0,111452.88428571429,110672.935,110631.87,110631.87,TP2,0.11115407593302463,58.11232151812969
2025-11-02 12:00:00+01:00,2025-11-02 13:00:00+01:00,SHORT,-0.4058337415628174,high,111196.99,112006.16,110908.04000000001,110619.09000000001,110908.04000000001,TP1,0.35709430651160784,58.469415824641295
2025-11-02 15:00:00+01:00,2025-11-02 16:00:00+01:00,SHORT,-0.24433576326844197,normal,110422.24,111229.78,110230.745,110039.24999999999,110230.745,TP1,0.237133764271753,58.70654958891305
2025-11-02 16:00:00+01:00,2025-11-02 17:00:00+01:00,SHORT,-0.2387248727485154,normal,110117.48,111229.78,110045.445,109973.41000000002,109973.41000000002,TP2,0.12952440888247552,58.83607399779552
2025-11-02 18:00:00+01:00,2025-11-02 20:00:00+01:00,SHORT,-0.24689461305119342,normal,110190.4,111229.78,110172.845,110155.29000000001,110155.29000000001,TP2,0.03377975331446235,58.869853751109986
2025-11-02 22:00:00+01:00,2025-11-02 23:00:00+01:00,LONG,0.2595935636819985,high,109990.9,109157.23285714285,109990.935,109990.97,109990.97,TP2,8.39663654814091e-05,58.869937717475466
2025-11-02 23:00:00+01:00,2025-11-03 00:00:00+01:00,LONG,0.27329254784009593,high,109899.99,109890.34,109990.935,110081.87999999999,110081.87999999999,TP2,18.848704663193814,77.71864238066928
2025-11-03 01:00:00+01:00,2025-11-03 02:00:00+01:00,SHORT,-0.20397986377195354,normal,109757.11,110742.26,109755.62,109754.12999999999,109754.12999999999,TP2,0.003024920062945232,77.72166730073222
2025-11-03 02:00:00+01:00,2025-11-03 03:00:00+01:00,SHORT,-0.20404105877774076,normal,109665.5,110742.26,109491.0,109316.5,109316.5,TP2,0.32412050967718126,78.04578781040941
2025-11-03 03:00:00+01:00,2025-11-03 04:00:00+01:00,SHORT,-0.47944702120158245,high,109033.83,110742.26,109011.2,108988.56999999999,108988.56999999999,TP2,0.026492159468055172,78.07227996987746
2025-11-03 04:00:00+01:00,2025-11-03 05:00:00+01:00,SHORT,-0.5240797770246645,high,107937.45,110742.26,107600.485,107263.52,107600.485,TP1,0.12013826248480175,78.19241823236226
2025-11-03 05:00:00+01:00,2025-11-03 06:00:00+01:00,SHORT,-0.568529413696277,high,107900.37,110742.26,107600.485,107300.6,107600.485,TP1,0.1055230849892131,78.29794131735147
2025-11-03 06:00:00+01:00,2025-11-03 07:00:00+01:00,SHORT,-0.4259867957975386,high,107606.75,110742.26,107600.485,107594.22,107594.22,TP2,0.00399616011430321,78.30193747746577
2025-11-03 07:00:00+01:00,2025-11-03 09:00:00+01:00,SHORT,-0.4435919177164053,high,107494.23,110742.26,107083.51,106672.79,107083.51,TP1,0.1264520340021494,78.42838951146793
2025-11-03 08:00:00+01:00,2025-11-03 09:00:00+01:00,SHORT,-0.4471504753496393,high,107468.23,110742.26,107083.51,106698.79,107083.51,TP1,0.11750655919463208,78.54589607066256
2025-11-03 09:00:00+01:00,2025-11-03 10:00:00+01:00,SHORT,-0.4412979354488061,high,107586.97,110742.26,107558.315,107529.66,107529.66,TP2,0.018163148236769927,78.56405921889933
2025-11-03 10:00:00+01:00,2025-11-03 11:00:00+01:00,LONG,0.31509856843231715,high,107197.94,107006.05,107279.31,107360.68,107006.05,SL,-1.0,77.56405921889933
2025-11-03 12:00:00+01:00,2025-11-03 13:00:00+01:00,SHORT,-0.4002779495478962,high,107787.42,107912.86,107600.485,107413.55,107912.86,SL,-1.0,76.56405921889933
2025-11-03 13:00:00+01:00,2025-11-03 14:00:00+01:00,SHORT,-0.5212571945997688,high,107768.9,107920.92,107600.485,107432.07,107920.92,SL,-1.0,75.56405921889933
2025-11-03 14:00:00+01:00,2025-11-03 15:00:00+01:00,SHORT,-0.590956529377843,high,107908.68,107920.92,107600.485,107292.29000000001,107920.92,SL,-1.0,74.56405921889933
2025-11-03 15:00:00+01:00,2025-11-03 16:00:00+01:00,SHORT,-0.37357035079372364,high,108059.99,108265.44,107600.485,107140.98,107140.98,TP2,4.473156485763068,79.0372157046624
2025-11-03 16:00:00+01:00,2025-11-03 17:00:00+01:00,LONG,0.43947978309497004,high,105745.71,103896.46857142859,106114.38,106483.05,106483.05,TP2,0.39872565507555635,79.43594135973795
2025-11-03 17:00:00+01:00,2025-11-03 18:00:00+01:00,LONG,0.20960530442316483,normal,106678.44,105511.0,106805.505,106932.57,106932.57,TP2,0.21768142259988021,79.65362278233783
2025-11-03 18:00:00+01:00,2025-11-03 19:00:00+01:00,SHORT,-0.20131976513807742,normal,107481.19,108265.44,107083.51,106685.82999999999,107083.51,TP1,0.5070832005100511,80.16070598284789
2025-11-03 19:00:00+01:00,2025-11-03 20:00:00+01:00,SHORT,-0.4305617517713621,high,106961.62,108265.44,106929.94,106898.26000000001,106898.26000000001,TP2,0.04859566504577755,80.20930164789367
2025-11-03 20:00:00+01:00,2025-11-03 21:00:00+01:00,SHORT,-0.4932623903092854,high,107090.0,108265.44,107083.51,107077.01999999999,107077.01999999999,TP2,0.01104267338189142,80.22034432127556
2025-11-03 21:00:00+01:00,2025-11-03 22:00:00+01:00,SHORT,-0.2101773140008673,normal,106657.55,108265.44,106177.97,105698.39,106177.97,TP1,0.2982666724713767,80.51861099374693
2025-11-03 22:00:00+01:00,2025-11-03 23:00:00+01:00,SHORT,-0.47700024104141003,high,106888.71,108265.44,106177.97,105467.23,106177.97,TP1,0.5162522789508527,81.03486327269779
2025-11-04 00:00:00+01:00,2025-11-04 01:00:00+01:00,SHORT,-0.34065491596023395,high,106583.04,108265.44,106177.97,105772.90000000001,106177.97,TP1,0.24076913932476837,81.27563241202256
2025-11-04 02:00:00+01:00,2025-11-04 03:00:00+01:00,SHORT,-0.44828796716851393,high,107040.01,107169.68,107008.485,106976.96,107169.68,SL,-1.0,80.27563241202256
2025-11-04 03:00:00+01:00,2025-11-04 04:00:00+01:00,LONG,0.27607038819642604,high,106482.6,106088.73,106805.505,107128.41,107128.41,TP2,1.6396526772792583,81.91528508930182
2025-11-04 04:00:00+01:00,2025-11-04 05:00:00+01:00,SHORT,-0.3814008095554498,high,107158.79,107169.68,107083.51,107008.23,107169.68,SL,-1.0,80.91528508930182
2025-11-04 05:00:00+01:00,2025-11-04 06:00:00+01:00,SHORT,-0.21460948262507562,normal,106750.14,107298.74,106177.97,105605.8,105605.8,TP2,2.085927816259541,83.00121290556136
2025-11-04 06:00:00+01:00,2025-11-04 07:00:00+01:00,LONG,0.4703384199896376,high,104215.76,102061.08142857143,104369.7,104523.64,104523.64,TP2,0.14288906200792553,83.14410196756928
2025-11-04 07:00:00+01:00,2025-11-04 08:00:00+01:00,SHORT,-0.5161442495200192,high,104766.14,107298.74,104461.20499999999,104156.26999999997,104461.20499999999,TP1,0.1204039327173701,83.26450590028665
2025-11-04 08:00:00+01:00,2025-11-04 09:00:00+01:00,SHORT,-0.30845421208868806,high,104490.72,107298.74,104461.20499999999,104431.68999999997,104431.68999999997,TP2,0.02102193004324323,83.2855278303299
2025-11-04 09:00:00+01:00,2025-11-04 10:00:00+01:00,LONG,0.373590136182701,high,104051.9,102036.20857142856,104059.325,104066.75,104066.75,TP2,0.0073671990610836595,83.29289502939098
2025-11-04 10:00:00+01:00,2025-11-04 11:00:00+01:00,LONG,0.41215332783317343,high,103857.96,103759.99,104059.325,104260.68999999999,103759.99,SL,-1.0,82.29289502939098
2025-11-04 11:00:00+01:00,2025-11-04 12:00:00+01:00,LONG,0.3470203104325305,high,103816.39,103636.0,103840.48,103864.56999999999,103864.56999999999,TP2,0.2670879760518497,82.55998300544283
2025-11-04 12:00:00+01:00,2025-11-04 13:00:00+01:00,SHORT,-0.44458962965123605,high,104584.76,107298.74,104461.20499999999,104337.64999999998,104337.64999999998,TP2,0.09105078150908046,82.65103378695191
2025-11-04 13:00:00+01:00,2025-11-04 14:00:00+01:00,LONG,0.3209917474539425,high,103952.54,103636.0,104059.325,104166.11,103636.0,SL,-1.0,81.65103378695191
2025-11-04 14:00:00+01:00,2025-11-04 15:00:00+01:00,LONG,0.33504398106209515,high,103924.25,103605.0,104059.325,104194.4,103605.0,SL,-1.0,80.65103378695191
2025-11-04 15:00:00+01:00,2025-11-04 16:00:00+01:00,SHORT,-0.4429444769284959,high,104500.01,107298.74,104461.20499999999,104422.39999999998,104422.39999999998,TP2,0.027730434875823978,80.67876422182773
2025-11-04 17:00:00+01:00,2025-11-04 18:00:00+01:00,SHORT,-0.33179342950667323,high,102257.7,104699.07,102209.0,102160.3,102160.3,TP2,0.03989563237034689,80.71865985419808
2025-11-04 18:00:00+01:00,2025-11-09 20:00:00+01:00,SHORT,-0.3099845269761715,high,101114.83,104699.07,98926.53857142858,97832.39285714287,104699.07,SL,-1.0,79.71865985419808
2025-11-04 19:00:00+01:00,2025-11-04 20:00:00+01:00,SHORT,-0.39587297836597574,high,101363.98,104699.07,101344.20999999999,101324.43999999999,101324.43999999999,TP2,0.011855752018688557,79.73051560621677
2025-11-04 20:00:00+01:00,2025-11-09 20:00:00+01:00,SHORT,-0.30144884177693926,high,100542.64,104699.07,98406.56,97338.52,104699.07,SL,-1.0,78.73051560621677
2025-11-04 21:00:00+01:00,2025-11-09 20:00:00+01:00,SHORT,-0.25424929274729735,high,100755.43,104699.07,98545.29285714285,97440.22428571428,104699.07,SL,-1.0,77.73051560621677
2025-11-04 23:00:00+01:00,2025-11-09 20:00:00+01:00,SHORT,-0.6537988536514601,high,101295.71,104699.07,98778.89571428573,97520.48857142858,104699.07,SL,-1.0,76.73051560621677
2025-11-05 00:00:00+01:00,2025-11-05 01:00:00+01:00,SHORT,-0.6256186276473997,high,101497.22,104699.07,101344.20999999999,101191.19999999998,101191.19999999998,TP2,0.09557599512782237,76.82609160134459
2025-11-05 01:00:00+01:00,2025-11-09 20:00:00+01:00,SHORT,-0.3867874035751232,high,100564.3,104699.07,97871.57142857143,96525.20714285715,104699.07,SL,-1.0,75.82609160134459
2025-11-05 02:00:00+01:00,2025-11-05 03:00:00+01:00,LONG,0.24666822161481167,normal,100761.62,99600.0,100869.425,100977.23000000001,100977.23000000001,TP2,0.1856114736316661,76.01170307497625
2025-11-05 04:00:00+01:00,2025-11-05 05:00:00+01:00,SHORT,-0.49247082173196777,high,102130.0,105057.09857142858,102017.375,101904.75,101904.75,TP2,0.07695333604363934,76.0886564110199
2025-11-05 05:00:00+01:00,2025-11-05 06:00:00+01:00,SHORT,-0.492895809694212,high,101998.3,104774.00142857143,101828.37,101658.43999999999,101658.43999999999,TP2,0.12244112299028194,76.21109753401018
2025-11-05 06:00:00+01:00,2025-11-05 07:00:00+01:00,SHORT,-0.36281243971371535,high,101824.89,102272.23,101575.47,101326.05,101575.47,TP1,0.5575624804399343,76.76866001445012
2025-11-05 07:00:00+01:00,2025-11-05 08:00:00+01:00,SHORT,-0.47200870100212033,high,102119.99,102272.23,102017.375,101914.76,101914.76,TP2,1.3480688386759263,78.11672885312605
2025-11-05 08:00:00+01:00,2025-11-05 09:00:00+01:00,SHORT,-0.4303127460329901,high,101993.02,102272.23,101828.37,101663.71999999999,101663.71999999999,TP2,1.179399018659887,79.29612787178594
2025-11-05 11:00:00+01:00,2025-11-05 12:00:00+01:00,LONG,0.2112951889219722,normal,101401.97,99291.30857142857,101955.315,102508.66,101955.315,TP1,0.26216663293767783,79.55829450472362
2025-11-05 17:00:00+01:00,2025-11-05 18:00:00+01:00,SHORT,-0.2652323990196743,high,103919.2,105554.96714285715,103909.09,103898.98,103898.98,TP2,0.01236117260839673,79.57065567733201
2025-11-05 19:00:00+01:00,2025-11-05 20:00:00+01:00,SHORT,-0.25934019830896865,high,104347.4,105947.74714285713,104228.105,104108.81,104108.81,TP2,0.14908640357493713,79.71974208090695
2025-11-05 20:00:00+01:00,2025-11-05 21:00:00+01:00,SHORT,-0.2915295297730461,high,104008.09,104429.75,103909.09,103810.09,104429.75,SL,-1.0,78.71974208090695
2025-11-06 11:00:00+01:00,2025-11-06 12:00:00+01:00,SHORT,-0.26641834240866713,high,103122.54,104100.0,102944.875,102767.21,102767.21,TP2,0.36352382706196146,79.08326590796892
2025-11-06 14:00:00+01:00,2025-11-06 15:00:00+01:00,SHORT,-0.2528542658852034,high,103319.71,103440.0,103285.055,103250.39999999998,103440.0,SL,-1.0,78.08326590796892
2025-11-06 15:00:00+01:00,2025-11-06 16:00:00+01:00,LONG,0.23796741445613395,normal,102125.0,100587.46857142857,102201.15,102277.29999999999,102277.29999999999,TP2,0.0990548857537797,78.1823207937227
2025-11-06 16:00:00+01:00,2025-11-06 17:00:00+01:00,SHORT,-0.3018926306245871,high,102014.48,103440.0,101828.37,101642.26,101642.26,TP2,0.261111734665245,78.44343252838794
2025-11-06 17:00:00+01:00,2025-11-06 18:00:00+01:00,LONG,0.3692159942487196,high,100867.2,99083.70142857142,100869.425,100871.65000000001,100871.65000000001,TP2,0.0024950959150178724,78.44592762430297
2025-11-06 18:00:00+01:00,2025-11-06 19:00:00+01:00,SHORT,-0.312861466168245,high,101804.01,103440.0,101575.47,101346.93000000001,101346.93000000001,TP2,0.27939046082187896,78.72531808512484
2025-11-06 19:00:00+01:00,2025-11-06 20:00:00+01:00,SHORT,-0.31118925705963796,high,101722.13,103440.0,101575.47,101428.81,101428.81,TP2,0.1707463312124944,78.89606441633734
2025-11-06 20:00:00+01:00,2025-11-06 21:00:00+01:00,SHORT,-0.4584628795163168,high,101388.81,103440.0,101344.20999999999,101299.60999999999,101299.60999999999,TP2,0.04348695147695315,78.93955136781429
2025-11-06 23:00:00+01:00,2025-11-07 00:00:00+01:00,SHORT,-0.3955712109252663,high,101415.05,103440.0,101344.20999999999,101273.36999999998,101273.36999999998,TP2,0.06996715968296616,79.00951852749725
2025-11-07 00:00:00+01:00,2025-11-07 01:00:00+01:00,SHORT,-0.4181886644357936,high,101346.04,103440.0,101344.20999999999,101342.37999999999,101342.37999999999,TP2,0.0017478843912985354,79.01126641188854
2025-11-07 01:00:00+01:00,2025-11-07 02:00:00+01:00,SHORT,-0.28802208416076563,high,101479.78,103440.0,101344.20999999999,101208.63999999998,101208.63999999998,TP2,0.13832120884391233,79.14958762073246
2025-11-07 04:00:00+01:00,2025-11-07 05:00:00+01:00,SHORT,-0.23240140636790874,normal,101916.29,101928.99,101828.37,101740.45,101928.99,SL,-1.0,78.14958762073246
2025-11-07 07:00:00+01:00,2025-11-07 09:00:00+01:00,SHORT,-0.21083730102373993,normal,101819.1,102500.0,101575.47,101331.84,101575.47,TP1,0.3578058452048858,78.50739346593734
2025-11-07 09:00:00+01:00,2025-11-07 10:00:00+01:00,SHORT,-0.29930017598790354,high,101496.18,102500.0,101344.20999999999,101192.23999999999,101192.23999999999,TP2,0.30278336753601265,78.81017683347335
2025-11-07 10:00:00+01:00,2025-11-07 13:00:00+01:00,SHORT,-0.4856943578873486,high,101013.66,102500.0,99704.14,99049.38,99704.14,TP1,0.8810366403380163,79.69121347381136
2025-11-07 11:00:00+01:00,2025-11-07 13:00:00+01:00,SHORT,-0.5148276366074761,high,100770.85,102500.0,99506.92,98874.955,99506.92,TP1,0.7309545152242499,80.42216798903561
2025-11-07 12:00:00+01:00,2025-11-07 18:00:00+01:00,SHORT,-0.5599272642575145,high,100411.89,102500.0,99103.16714285714,98448.80571428571,102500.0,SL,-1.0,79.42216798903561
2025-11-07 14:00:00+01:00,2025-11-07 18:00:00+01:00,SHORT,-0.5393419469784653,high,100347.35,102500.0,98808.19,98038.61,102500.0,SL,-1.0,78.42216798903561
2025-11-07 18:00:00+01:00,2025-11-07 19:00:00+01:00,LONG,0.2951710542059601,high,102397.12,100569.45714285714,102597.59,102798.06,102798.06,TP2,0.2193730634909231,78.64154105252653
2025-11-07 20:00:00+01:00,2025-11-07 21:00:00+01:00,LONG,0.20674862495105684,normal,103395.25,102810.0,103573.965,103752.68,103752.68,TP2,0.6107304570696165,79.25227150959616
2025-11-07 21:00:00+01:00,2025-11-07 22:00:00+01:00,SHORT,-0.4255504174935774,high,103783.09,105716.01142857142,103500.8,103218.51000000001,103500.8,TP1,0.14604318407739267,79.39831469367356
2025-11-07 22:00:00+01:00,2025-11-07 23:00:00+01:00,SHORT,-0.42387220245400675,high,103879.23,105840.19857142857,103785.455,103691.68000000001,103691.68000000001,TP2,0.09564151243044015,79.493956206104
2025-11-07 23:00:00+01:00,2025-11-08 00:00:00+01:00,SHORT,-0.48625149108883825,high,103633.03,103900.0,103500.8,103368.57,103368.57,TP2,0.9905981945536604,80.48455440065766
2025-11-08 00:00:00+01:00,2025-11-08 01:00:00+01:00,SHORT,-0.38158359211585957,high,103339.08,103900.0,103285.055,103231.02999999998,103231.02999999998,TP2,0.19262996505743743,80.67718436571509
2025-11-08 02:00:00+01:00,2025-11-08 03:00:00+01:00,SHORT,-0.28117438195452366,high,102996.84,103900.0,102944.875,102892.91,102892.91,TP2,0.11507374108684243,80.79225810680194
2025-11-08 03:00:00+01:00,2025-11-08 04:00:00+01:00,SHORT,-0.3127481354123482,high,102846.65,103900.0,102721.795,102596.94,102596.94,TP2,0.23706270470403046,81.02932081150597
2025-11-08 04:00:00+01:00,2025-11-08 07:00:00+01:00,SHORT,-0.3867646301900059,high,102592.76,103900.0,102209.0,101825.24,102209.0,TP1,0.293565068388355,81.32288587989433
2025-11-08 05:00:00+01:00,2025-11-08 07:00:00+01:00,SHORT,-0.3625118704754311,high,102565.03,103900.0,102209.0,101852.97,102209.0,TP1,0.26669513172580545,81.58958101162014
2025-11-08 06:00:00+01:00,2025-11-08 07:00:00+01:00,SHORT,-0.28164920302008595,high,102304.0,103900.0,102209.0,102114.0,102114.0,TP2,0.11904761904761904,81.70862863066776
2025-11-08 07:00:00+01:00,2025-11-08 08:00:00+01:00,SHORT,-0.2953365808992334,high,102215.62,103900.0,102209.0,102202.38,102202.38,TP2,0.007860459041303417,81.71648908970906
2025-11-08 16:00:00+01:00,2025-11-08 17:00:00+01:00,LONG,0.23389878826335386,normal,101711.45,100696.15857142856,101955.315,102199.18000000001,101955.315,TP1,0.24019211936333892,81.9566812090724
2025-11-09 04:00:00+01:00,2025-11-09 05:00:00+01:00,LONG,0.37264013176191935,high,101662.05,101568.41,101955.315,102248.58,101955.315,TP1,3.1318346860316235,85.08851589510402
2025-11-09 05:00:00+01:00,2025-11-09 06:00:00+01:00,LONG,0.3729065919572389,high,101724.91,101568.41,101955.315,102185.72,101955.315,TP1,1.4722364217252322,86.56075231682925
2025-11-09 07:00:00+01:00,2025-11-09 08:00:00+01:00,LONG,0.2224283568124253,normal,101752.83,101568.41,101955.315,102157.8,101955.315,TP1,1.0979557531721207,87.65870807000137
2025-11-09 09:00:00+01:00,2025-11-09 10:00:00+01:00,LONG,0.35352274438030745,high,101972.94,101568.41,101984.32,101995.70000000001,101995.70000000001,TP2,0.056262823523618465,87.71497089352499
2025-11-09 10:00:00+01:00,2025-11-09 11:00:00+01:00,LONG,0.4788662775855689,high,101657.46,101635.96,101955.315,102253.17,101635.96,SL,-1.0,86.71497089352499
2025-11-09 11:00:00+01:00,2025-11-09 12:00:00+01:00,LONG,0.35733402714980655,high,101876.36,101631.62,101955.315,102034.27,102034.27,TP2,0.645215330554875,87.36018622407987
2025-11-09 12:00:00+01:00,2025-11-09 14:00:00+01:00,LONG,0.37930969768781575,high,102239.41,101631.62,102597.59,102955.76999999999,102955.76999999999,TP2,1.1786307770775704,88.53881700115744
2025-11-09 13:00:00+01:00,2025-11-09 14:00:00+01:00,LONG,0.23435317227108365,normal,102086.9,101631.62,102201.15,102315.4,102315.4,TP2,0.5018889474609045,89.04070594861834
2025-11-09 14:00:00+01:00,2025-11-09 15:00:00+01:00,LONG,0.31759460866433314,high,102911.39,101631.62,103573.965,104236.54,103573.965,TP1,0.5177297483141463,89.55843569693249
2025-11-09 15:00:00+01:00,2025-11-09 16:00:00+01:00,LONG,0.2025971712174522,normal,103037.9,101631.62,103573.965,104110.03,104110.03,TP2,0.7623872912933453,90.32082298822584
2025-11-09 16:00:00+01:00,2025-11-09 17:00:00+01:00,LONG,0.2575368674330442,high,103762.17,101631.62,103840.48,103918.79,103840.48,TP1,0.03675576729013521,90.35757875551597
2025-11-09 18:00:00+01:00,2025-11-09 19:00:00+01:00,LONG,0.3701939498599184,high,103637.57,101631.62,103840.48,104043.38999999998,104043.38999999998,TP2,0.20230813330341013,90.55988688881938
2025-11-09 20:00:00+01:00,2025-11-09 21:00:00+01:00,SHORT,-0.3694776532010686,high,104805.57,106070.22571428573,104461.20499999999,104116.83999999997,104461.20499999999,TP1,0.2722994061625047,90.83218629498188
2025-11-09 22:00:00+01:00,2025-11-10 00:00:00+01:00,LONG,0.28918629431310183,high,104528.82,101631.62,105076.82,105624.82,105076.82,TP1,0.18914814303465338,91.02133443801654
2025-11-09 23:00:00+01:00,2025-11-10 00:00:00+01:00,LONG,0.2894640691870936,high,104732.48,101631.62,105076.82,105421.16000000002,105421.16000000002,TP2,0.2220932257502828,91.24342766376682
2025-11-10 00:00:00+01:00,2025-11-10 01:00:00+01:00,LONG,0.2680625990822491,high,104722.96,101631.62,105076.82,105430.68000000001,105430.68000000001,TP2,0.22893631887789717,91.47236398264472
2025-11-10 01:00:00+01:00,2025-11-10 02:00:00+01:00,SHORT,-0.5427157380266975,high,106314.96,108072.99714285714,106177.97,106040.98,106040.98,TP2,0.15584426137592403,91.62820824402064
2025-11-10 02:00:00+01:00,2025-11-10 04:00:00+01:00,LONG,0.20534895193692265,normal,105699.99,101631.62,106114.38,106528.77,106114.38,TP1,0.10185651747505718,91.7300647614957
2025-11-10 07:00:00+01:00,2025-11-10 08:00:00+01:00,SHORT,-0.27879310131490953,high,106221.88,106525.0,106177.97,106134.06,106525.0,SL,-1.0,90.7300647614957
2025-11-10 08:00:00+01:00,2025-11-10 09:00:00+01:00,SHORT,-0.3294826215182184,high,106461.45,106473.73,106177.97,105894.49,106473.73,SL,-1.0,89.7300647614957
2025-11-10 09:00:00+01:00,2025-11-10 10:00:00+01:00,SHORT,-0.44316336580154475,high,105965.46,106539.4,105952.41,105939.36,106539.4,SL,-1.0,88.7300647614957
2025-11-10 10:00:00+01:00,2025-11-10 11:00:00+01:00,SHORT,-0.43864115215075883,high,106440.0,106554.0,106177.97,105915.94,106177.97,TP1,2.2985087719298143,91.02857353342552
2025-11-10 11:00:00+01:00,2025-11-10 13:00:00+01:00,SHORT,-0.4163623953699365,high,105995.26,106554.0,105952.41,105909.56000000001,105909.56000000001,TP2,0.15338082113323143,91.18195435455874
2025-11-10 12:00:00+01:00,2025-11-10 13:00:00+01:00,SHORT,-0.3720472565250808,high,106176.5,106554.0,106060.95999999999,105945.41999999998,105945.41999999998,TP2,0.612132450331169,91.79408680488991
2025-11-10 14:00:00+01:00,2025-11-10 15:00:00+01:00,SHORT,-0.42087937249125745,high,106548.02,106554.0,106177.97,105807.92,105807.92,TP2,123.76254180610536,215.5566286109953
2025-11-10 15:00:00+01:00,2025-11-10 16:00:00+01:00,LONG,0.2505646719606338,high,104898.15,101631.62,105076.82,105255.49000000002,105255.49000000002,TP2,0.10939437262171961,215.666022983617
2025-11-10 17:00:00+01:00,2025-11-10 18:00:00+01:00,LONG,0.21774463379308406,normal,105242.05,104681.9,105415.43,105588.80999999998,105588.80999999998,TP2,0.6190484691600014,216.285071452777
2025-11-11 03:00:00+01:00,2025-11-11 05:00:00+01:00,SHORT,-0.2530542885744242,high,106655.02,108389.13714285714,106177.97,105700.92,106177.97,TP1,0.2750967556978377,216.56016820847483
2025-11-11 06:00:00+01:00,2025-11-11 07:00:00+01:00,SHORT,-0.2036877929817646,normal,105249.35,106299.22,104925.78,104602.20999999999,104925.78,TP1,0.3082000628649342,216.86836827133976
2025-11-11 09:00:00+01:00,2025-11-11 10:00:00+01:00,SHORT,-0.34987580855205985,high,105157.8,106299.22,104925.78,104693.76,104925.78,TP1,0.20327311594330258,217.07164138728305
2025-11-11 10:00:00+01:00,2025-11-11 11:00:00+01:00,SHORT,-0.30354528142053516,high,104971.63,106299.22,104925.78,104879.93,104925.78,TP1,0.034536264961325364,217.10617765224438
2025-11-11 14:00:00+01:00,2025-11-11 15:00:00+01:00,SHORT,-0.3581643881976015,high,104390.92,105497.99,104228.105,104065.29,104065.29,TP2,0.2941367754523224,217.4003144276967
2025-11-11 15:00:00+01:00,2025-11-11 16:00:00+01:00,SHORT,-0.2114021366051319,normal,104560.16,105497.99,104461.20499999999,104362.24999999997,104362.24999999997,TP2,0.21102971753946048,217.61134414523616
2025-11-11 16:00:00+01:00,2025-11-11 17:00:00+01:00,SHORT,-0.4341896927231199,high,103455.99,105497.99,103285.055,103114.11999999998,103285.055,TP1,0.0837095984329149,217.69505374366906
2025-11-11 17:00:00+01:00,2025-11-11 18:00:00+01:00,SHORT,-0.4386561580358975,high,103399.43,105497.99,103285.055,103170.68,103170.68,TP2,0.10900331655992618,217.80405706022898
2025-11-11 18:00:00+01:00,2025-11-11 19:00:00+01:00,SHORT,-0.4291637564512015,high,103338.99,105497.99,103285.055,103231.11999999998,103231.11999999998,TP2,0.04996294580825588,217.85402000603725
2025-11-11 20:00:00+01:00,2025-11-11 21:00:00+01:00,SHORT,-0.23702301044063062,normal,103126.39,105497.99,102944.875,102763.36,102763.36,TP2,0.1530738741777694,218.00709388021502
2025-11-11 23:00:00+01:00,2025-11-12 07:00:00+01:00,LONG,0.33374527458614495,high,103000.01,101636.20999999999,103573.965,104147.92,103573.965,TP1,0.4208498313535713,218.4279437115686
2025-11-12 01:00:00+01:00,2025-11-12 02:00:00+01:00,LONG,0.3675068513092135,high,102885.99,101515.87714285715,102908.995,102931.99999999999,102931.99999999999,TP2,0.033581175273346794,218.46152488684194
2025-11-12 02:00:00+01:00,2025-11-12 03:00:00+01:00,LONG,0.3268045853402393,high,103254.64,103170.33,103573.965,103893.29,103170.33,SL,-1.0,217.46152488684194
2025-11-12 03:00:00+01:00,2025-11-12 07:00:00+01:00,LONG,0.30186473119912915,high,103151.66,101827.79428571429,103573.965,103996.26999999999,103573.965,TP1,0.3189938340746641,217.7805187209166
2025-11-12 05:00:00+01:00,2025-11-12 07:00:00+01:00,LONG,0.23005073369988804,normal,103246.87,103170.33,103573.965,103901.06,103573.965,TP1,4.273517115234237,222.05403583615083
2025-11-12 06:00:00+01:00,2025-11-12 07:00:00+01:00,LONG,0.32157457233727216,high,103385.3,103170.33,103573.965,103762.62999999999,103573.965,TP1,0.8776340884774274,222.93166992462827
2025-11-12 07:00:00+01:00,2025-11-12 08:00:00+01:00,LONG,0.2849318309160606,high,103366.97,103170.33,103573.965,103780.95999999999,103170.33,SL,-1.0,221.93166992462827
2025-11-12 08:00:00+01:00,2025-11-12 09:00:00+01:00,LONG,0.4312616008938732,high,103112.66,102132.19428571429,103573.965,104035.26999999999,104035.26999999999,TP2,0.9409915987446024,222.87266152337287
2025-11-12 09:00:00+01:00,2025-11-12 10:00:00+01:00,LONG,0.3721793541987408,high,104147.24,103170.33,104369.7,104592.15999999999,104592.15999999999,TP2,0.455436017647462,223.32809754102033
2025-11-12 13:00:00+01:00,2025-11-12 14:00:00+01:00,SHORT,-0.22109833600211554,normal,104993.74,105200.0,104925.78,104857.81999999999,104857.81999999999,TP2,0.6589741103462439,223.98707165136656
2025-11-12 14:00:00+01:00,2025-11-12 15:00:00+01:00,SHORT,-0.25991849960727986,high,105039.99,105200.0,104925.78,104811.56999999999,104811.56999999999,TP2,1.4275357790139385,225.4146074303805
2025-11-12 16:00:00+01:00,2025-11-12 17:00:00+01:00,SHORT,-0.37463125046045964,high,102173.51,105200.0,102017.375,101861.24,101861.24,TP2,0.10317893004767535,225.51778636042818
2025-11-12 18:00:00+01:00,2025-11-12 19:00:00+01:00,SHORT,-0.34756237213352464,high,101748.02,105200.0,101575.47,101402.92,101575.47,TP1,0.0499858052480035,225.5677721656762
2025-11-12 20:00:00+01:00,2025-11-12 23:00:00+01:00,LONG,0.32245457132673017,high,101297.31,99624.88285714286,101955.315,102613.32,101955.315,TP1,0.3934431480679532,225.96121531374413
2025-11-12 21:00:00+01:00,2025-11-12 23:00:00+01:00,LONG,0.2062044204745182,normal,101539.01,99808.71428571429,101955.315,102371.62000000001,101955.315,TP1,0.240597602226545,226.2018129159707
2025-11-12 23:00:00+01:00,2025-11-13 00:00:00+01:00,SHORT,-0.40530761625275036,high,101978.96,105200.0,101828.37,101677.77999999998,101677.77999999998,TP2,0.09350396145345066,226.29531687742414
2025-11-13 00:00:00+01:00,2025-11-13 01:00:00+01:00,LONG,0.24456628375070089,normal,101654.37,100074.70714285714,101955.315,102256.26000000001,101955.315,TP1,0.1905121707706207,226.48582904819477
2025-11-13 02:00:00+01:00,2025-11-13 03:00:00+01:00,SHORT,-0.3425640162299989,high,102007.0,102042.77,101828.37,101649.73999999999,102042.77,SL,-1.0,225.48582904819477
2025-11-13 03:00:00+01:00,2025-11-13 04:00:00+01:00,SHORT,-0.23580439705482825,normal,102064.41,103674.65571428572,102017.375,101970.34,101970.34,TP2,0.05841965556277551,225.54424870375755
2025-11-13 14:00:00+01:00,2025-11-13 15:00:00+01:00,LONG,0.31163692248272523,high,102326.48,101448.82,102597.59,102868.7,102868.7,TP2,0.6178018822778844,226.16205058603543
