timestamp,close,rsi,oi_pct_agg,oi_z_agg,fundingRate,smc_signal,ml_bias,ml_conviction,side,sl,tp1,tp2,reasons
2025-10-24 17:00:00+02:00,110046.91,39.334133378648204,-1.5140254520727758,-2.983748384883909,1.783e-05,BOS_down,-0.2690427735716524,high,SHORT,111522.3,109996.995,109947.07999999999,"MLbias-0.27,RSI39.3,OIagg-1.51%,funding+,BOS_down"
2025-10-25 10:00:00+02:00,111763.8,68.26221555713722,0.31250102723032747,0.5637106373483611,5.02e-05,BOS_up,-0.29395147149058043,high,SHORT,112451.86,111528.755,111293.71,"MLbias-0.29,RSI68.3,OIagg+0.31%,funding+,BOS_up"
2025-10-25 14:00:00+02:00,111899.03,67.63177877479995,0.1322132138250831,0.21355768993147917,1.484e-05,BOS_up,-0.33421318070660216,high,SHORT,112539.20285714285,111879.03,111859.03,"MLbias-0.33,RSI67.6,OIagg+0.13%,funding+,BOS_up"
2025-10-26 02:00:00+01:00,111644.42,56.877543239873376,-0.07294185333386327,-0.18489215582567076,1.903e-05,neutral,0.2962304961232989,high,LONG,111311.19,111705.315,111766.21,"MLbias+0.30,RSI56.9,OIagg-0.07%,funding+"
2025-10-26 03:00:00+01:00,111448.85,50.95668512589537,0.146573166114905,0.24144742648147427,1.903e-05,neutral,0.28374893963583125,high,LONG,111311.19,111506.62,111564.38999999998,"MLbias+0.28,RSI51.0,OIagg+0.15%,funding+"
2025-10-26 04:00:00+01:00,111260.46,45.990197136811595,0.08464402762535794,0.1211693557482009,1.903e-05,neutral,0.5618893157860068,high,LONG,110749.59285714285,111506.62,111752.77999999998,"MLbias+0.56,RSI46.0,OIagg+0.08%,funding+"
2025-10-26 05:00:00+01:00,111430.4,50.66168265193848,-0.03350643881332438,-0.10830114079164224,1.903e-05,neutral,0.5148823771535308,high,LONG,111311.19,111506.62,111582.84,"MLbias+0.51,RSI50.7,OIagg-0.03%,funding+"
2025-10-26 06:00:00+01:00,111615.32,55.20226375264781,-0.02253863344299223,-0.08699959353462285,1.903e-05,neutral,0.45534005422981416,high,LONG,111311.19,111705.315,111795.31,"MLbias+0.46,RSI55.2,OIagg-0.02%,funding+"
2025-10-26 07:00:00+01:00,111635.95,55.69216401169204,0.0410502939852897,0.036502100459761364,1.903e-05,neutral,0.4986429767496581,high,LONG,111311.19,111705.315,111774.68000000001,"MLbias+0.50,RSI55.7,OIagg+0.04%,funding+"
2025-10-26 08:00:00+01:00,111723.98,57.812253002089285,0.014808505972596642,-0.014464402736323153,1.903e-05,neutral,0.48487815492612796,high,LONG,111311.19,112019.66500000001,112315.35000000002,"MLbias+0.48,RSI57.8,OIagg+0.01%,funding+"
2025-10-26 09:00:00+01:00,111776.94,59.08078889921016,-0.03686534092942617,-0.11482476240434761,1.903e-05,neutral,0.45678034900575837,high,LONG,111311.19,112019.66500000001,112262.39000000001,"MLbias+0.46,RSI59.1,OIagg-0.04%,funding+"
2025-10-26 10:00:00+01:00,112528.83,71.9680525736405,0.14730164832839066,0.24286227637828575,5.35e-06,BOS_up,0.4848181749550587,high,LONG,111311.19,112737.045,112945.26,"MLbias+0.48,RSI72.0,OIagg+0.15%,funding+,BOS_up"
2025-10-26 11:00:00+01:00,112477.1,70.32697816884698,0.30549165794255817,0.5500971197772706,5.35e-06,BOS_up,0.2828712124084499,high,LONG,111311.19,112737.045,112996.98999999999,"MLbias+0.28,RSI70.3,OIagg+0.31%,funding+,BOS_up"
2025-10-26 12:00:00+01:00,113286.09,78.56053959586312,-0.000675752440304489,-0.04453775389320321,5.35e-06,BOS_up,0.3018332589016452,high,LONG,111311.19,113987.805,114689.51999999999,"MLbias+0.30,RSI78.6,OIagg-0.00%,funding+,BOS_up"
2025-10-26 14:00:00+01:00,113711.53,81.53401971228607,1.6461117871887643,3.153834337260798,5.35e-06,BOS_up,-0.23320858797744987,normal,SHORT,113827.02,113395.985,113080.44,"MLbias-0.23,RSI81.5,OIagg+1.65%,funding+,BOS_up,sweep_high"
2025-10-26 15:00:00+01:00,113575.36,77.63347011912265,0.045391323945698225,0.044933199638081206,5.35e-06,BOS_up,-0.32978522420736367,high,SHORT,113827.02,113395.985,113216.61,"MLbias-0.33,RSI77.6,OIagg+0.05%,funding+,BOS_up"
2025-10-26 16:00:00+01:00,113694.97,78.60182473421457,0.14056932131223387,0.2297868271665143,5.35e-06,BOS_up,-0.2613959112225487,high,SHORT,113827.02,113395.985,113097.0,"MLbias-0.26,RSI78.6,OIagg+0.14%,funding+,BOS_up"
2025-10-26 17:00:00+01:00,113517.53,73.51682119763528,-0.03945338416058153,-0.11985123062932082,6.904e-05,BOS_up,-0.33253843627585433,high,SHORT,113827.02,113395.985,113274.44,"MLbias-0.33,RSI73.5,OIagg-0.04%,funding+,BOS_up"
2025-10-27 01:00:00+01:00,114767.29,77.30314333006345,0.3962441606556677,0.7263556017581138,0.0001,BOS_up,0.37477011220548,high,LONG,113283.11,115249.54,115731.79,"MLbias+0.37,RSI77.3,OIagg+0.40%,funding+,BOS_up"
2025-10-27 02:00:00+01:00,115284.01,80.54937323494607,0.28847397324429647,0.5170455654721909,0.0001,BOS_up,0.39089603137802964,high,LONG,113283.11,115322.45999999999,115360.90999999999,"MLbias+0.39,RSI80.5,OIagg+0.29%,funding+,BOS_up"
2025-10-27 03:00:00+01:00,114883.39,71.9563723231348,-0.034391073851858245,-0.11001926893508264,0.0001,BOS_up,0.33848820418139114,high,LONG,113283.11,115249.54,115615.68999999999,"MLbias+0.34,RSI72.0,OIagg-0.03%,funding+,BOS_up"
2025-10-27 04:00:00+01:00,114958.51,72.54775446119615,-0.49888788791980776,-1.0121597155888817,0.0001,BOS_up,0.2903655290532532,high,LONG,113283.11,115249.54,115540.56999999999,"MLbias+0.29,RSI72.5,OIagg-0.50%,funding+,BOS_up"
2025-10-27 05:00:00+01:00,115256.44,74.81605747971562,-0.05106042952472967,-0.14239430255577695,0.0001,BOS_up,0.28501685313489417,high,LONG,113283.11,115267.815,115279.19,"MLbias+0.29,RSI74.8,OIagg-0.05%,funding+,BOS_up"
2025-10-27 06:00:00+01:00,115556.57,76.8878374687427,-0.7205131086082117,-1.4425977068219829,0.0001,BOS_up,0.3988679351760802,high,LONG,113283.11,116723.10571428572,117306.37357142859,"MLbias+0.40,RSI76.9,OIagg-0.72%,funding+,BOS_up"
2025-10-27 13:00:00+01:00,115065.67,59.10733114404611,0.20544221901530602,0.3557822336732517,0.0001,neutral,0.2797467614716736,high,LONG,114900.0,115249.54,115433.40999999999,"MLbias+0.28,RSI59.1,OIagg+0.21%,funding+"
2025-10-27 15:00:00+01:00,114810.05,54.35476942846892,-0.45423959743019493,-0.9254443119419244,0.0001,neutral,0.276875681586091,high,LONG,114566.83,115249.54,115689.02999999998,"MLbias+0.28,RSI54.4,OIagg-0.45%,funding+,sweep_low"
2025-10-27 17:00:00+01:00,115497.57,61.73987527947013,0.15101367375121022,0.2500717300742218,7.304e-05,BOS_up,-0.33847055945209004,high,SHORT,115528.74,115423.26000000001,115348.95000000001,"MLbias-0.34,RSI61.7,OIagg+0.15%,funding+,BOS_up,sweep_high"
2025-10-27 21:00:00+01:00,114455.17,46.898204019934084,-0.018447180392366924,-0.0790532198012301,7.304e-05,neutral,-0.2617806214602124,high,SHORT,115706.06,114173.13,113891.09000000001,"MLbias-0.26,RSI46.9,OIagg-0.02%,funding+"
2025-10-27 22:00:00+01:00,114302.7,45.22786797295815,-0.492058946969276,-0.998896623889002,7.304e-05,neutral,-0.3292491023785605,high,SHORT,115706.06,114173.13,114043.56000000001,"MLbias-0.33,RSI45.2,OIagg-0.49%,funding+"
2025-10-27 23:00:00+01:00,114112.51,43.16275070850458,-0.45403783534367914,-0.925052451904709,7.304e-05,neutral,-0.35337174124731785,high,SHORT,115706.06,113395.985,112679.46,"MLbias-0.35,RSI43.2,OIagg-0.45%,funding+"
2025-10-28 00:00:00+01:00,114107.65,43.10858360293497,-0.2695157874068155,-0.5666758221806472,7.304e-05,neutral,-0.3672781189354201,high,SHORT,115706.06,113395.985,112684.32,"MLbias-0.37,RSI43.1,OIagg-0.27%,funding+,sweep_low"
2025-10-28 07:00:00+01:00,114115.52,46.846251857454945,-0.15865119993700993,-0.3513558771799724,6.059e-05,neutral,0.21640280096448894,normal,LONG,113569.91,115249.54,116383.55999999998,"MLbias+0.22,RSI46.8,OIagg-0.16%,funding+"
2025-10-28 09:00:00+01:00,114427.23,51.18782308542701,0.09883661401259847,0.14873403613949587,7.806e-05,neutral,0.2482966605201113,normal,LONG,113569.91,115249.54,116071.84999999999,"MLbias+0.25,RSI51.2,OIagg+0.10%,funding+"
2025-10-28 17:00:00+01:00,115341.59,58.69896818886454,0.06939446144595962,0.09155182118671179,7.806e-05,neutral,-0.24249072595183652,normal,SHORT,115522.91,115152.265,114962.94,"MLbias-0.24,RSI58.7,OIagg+0.07%,funding+"
2025-10-28 20:00:00+01:00,113689.99,41.14430597235597,-0.13056172908612051,-0.29680082532124585,2.992e-05,neutral,-0.38988250372611993,high,SHORT,115522.91,113395.985,113101.98,"MLbias-0.39,RSI41.1,OIagg-0.13%,funding+"
2025-10-28 21:00:00+01:00,112808.05,35.02380704833493,-0.738872284978942,-1.4782546910459127,2.992e-05,BOS_down,-0.4147190165872073,high,SHORT,115522.91,112634.655,112461.26,"MLbias-0.41,RSI35.0,OIagg-0.74%,funding+,BOS_down"
2025-10-28 22:00:00+01:00,112994.4,37.15120662867207,-1.5646879645697331,-3.0821445423351044,2.992e-05,BOS_down,-0.418953002308518,high,SHORT,115522.91,112983.005,112971.61000000002,"MLbias-0.42,RSI37.2,OIagg-1.56%,funding+,BOS_down,sweep_low"
2025-10-28 23:00:00+01:00,113224.08,39.76875729562814,-0.589738220169822,-1.188608200987286,2.992e-05,BOS_down,-0.3845677617901104,high,SHORT,115522.91,113172.545,113121.01,"MLbias-0.38,RSI39.8,OIagg-0.59%,funding+,BOS_down"
2025-10-29 00:00:00+01:00,112898.45,37.39108430015625,0.10097495543133217,0.1528870986022936,2.992e-05,BOS_down,-0.29779944470979886,high,SHORT,115522.91,112634.655,112370.86,"MLbias-0.30,RSI37.4,OIagg+0.10%,funding+,BOS_down"
2025-10-29 02:00:00+01:00,112500.03,35.02660025052485,0.5157419710648314,0.9584428944836647,-3.2e-07,BOS_down,0.25721314611054097,high,LONG,112211.0,112737.045,112974.06,"MLbias+0.26,RSI35.0,OIagg+0.52%,funding-,BOS_down,sweep_low"
2025-10-29 08:00:00+01:00,113577.9,49.58843166908195,0.16329424530607817,0.2739229169330661,-3.2e-07,neutral,-0.2289044090197896,normal,SHORT,115522.91,113395.985,113214.07,"MLbias-0.23,RSI49.6,OIagg+0.16%,funding-"
2025-10-29 11:00:00+01:00,112870.01,42.17983896709603,-0.11316445081919202,-0.2630120286902503,3.588e-05,neutral,0.24298441614420446,normal,LONG,112768.63,112925.555,112981.09999999999,"MLbias+0.24,RSI42.2,OIagg-0.11%,funding+,sweep_low"
2025-10-29 16:00:00+01:00,111509.74,30.554714345131075,-0.20835050063068294,-0.44788129558599143,3.588e-05,BOS_down,-0.2704870122838034,high,SHORT,113624.12,111500.0,111490.26,"MLbias-0.27,RSI30.6,OIagg-0.21%,funding+,BOS_down"
2025-10-29 18:00:00+01:00,111883.49,38.749758884579066,-1.245855918014127,-2.4629125558587823,5.003e-05,BOS_down,-0.4337159886834487,high,SHORT,113624.12,111879.03,111874.56999999999,"MLbias-0.43,RSI38.7,OIagg-1.25%,funding+,BOS_down"
2025-10-29 19:00:00+01:00,110806.38,31.670062763720523,-0.04129004878395959,-0.12341837984004743,5.003e-05,BOS_down,-0.27615413472211064,high,SHORT,113624.12,110766.76999999999,110727.15999999997,"MLbias-0.28,RSI31.7,OIagg-0.04%,funding+,BOS_down"
2025-10-29 21:00:00+01:00,111433.46,39.84816841509947,1.0687646065188794,2.032517187887092,5.003e-05,BOS_down,-0.36491034392941896,high,SHORT,113624.12,111222.89,111012.31999999999,"MLbias-0.36,RSI39.8,OIagg+1.07%,funding+,BOS_down"
2025-10-30 00:00:00+01:00,110021.29,31.839560821988172,-0.015213682372705595,-0.07277315660302544,5.003e-05,BOS_down,0.260714417809613,high,LONG,108137.48857142856,110101.235,110181.18000000001,"MLbias+0.26,RSI31.8,OIagg-0.02%,funding+,BOS_down"
2025-10-30 03:00:00+01:00,110985.92,42.04912262291802,0.17961055887509847,0.3056122761818168,1.097e-05,neutral,-0.32477537169436926,high,SHORT,113624.12,110766.76999999999,110547.61999999998,"MLbias-0.32,RSI42.0,OIagg+0.18%,funding+"
2025-10-30 05:00:00+01:00,108575.27,29.212536778510255,-0.1408090138862561,-0.3167029856947951,1.097e-05,BOS_down,0.22523967091885871,normal,LONG,106339.37857142858,108757.265,108939.26,"MLbias+0.23,RSI29.2,OIagg-0.14%,funding+,BOS_down"
2025-10-30 08:00:00+01:00,111366.72,49.50896242562096,0.7319883645196201,1.378434188439102,1.097e-05,neutral,-0.38047907263848485,high,SHORT,113624.12,111222.89,111079.06,"MLbias-0.38,RSI49.5,OIagg+0.73%,funding+"
2025-10-30 11:00:00+01:00,110105.75,42.65559100260587,0.07400892174271867,0.10051397366463052,3.449e-05,neutral,-0.2612453862674227,high,SHORT,113624.12,109996.995,109888.23999999999,"MLbias-0.26,RSI42.7,OIagg+0.07%,funding+"
2025-10-30 12:00:00+01:00,109717.29,40.580248341927415,-0.02101368468856446,-0.08403785535089792,3.449e-05,neutral,-0.2499919586997093,normal,SHORT,113624.12,109261.245,108805.2,"MLbias-0.25,RSI40.6,OIagg-0.02%,funding+"
2025-10-30 13:00:00+01:00,108387.86,34.41000324116912,-0.011298202367326926,-0.06516855572324502,3.449e-05,BOS_down,-0.31469190401882674,high,SHORT,113624.12,108333.095,108278.33,"MLbias-0.31,RSI34.4,OIagg-0.01%,funding+,BOS_down"
2025-10-30 15:00:00+01:00,108285.54,36.53016089861773,0.4816411510287333,0.8922126683832848,3.449e-05,BOS_down,-0.4647193131777922,high,SHORT,113624.12,107558.315,106831.09000000001,"MLbias-0.46,RSI36.5,OIagg+0.48%,funding+,BOS_down"
2025-10-30 17:00:00+01:00,108144.57,37.457277289474575,-0.08951190210177984,-0.21707431670132474,3.449e-05,BOS_down,-0.5284978800522503,high,SHORT,113624.12,107558.315,106972.06,"MLbias-0.53,RSI37.5,OIagg-0.09%,funding+,BOS_down"
2025-10-30 18:00:00+01:00,107486.69,34.619479855126485,-0.09075136052126842,-0.21948157879290642,3.562e-05,BOS_down,-0.3636187975456135,high,SHORT,113624.12,107083.51,106680.32999999999,"MLbias-0.36,RSI34.6,OIagg-0.09%,funding+,BOS_down,sweep_low"
2025-10-30 19:00:00+01:00,106837.09,32.03840781229775,-0.3549498901785797,-0.7326049680858571,3.562e-05,BOS_down,0.2652015332558205,high,LONG,106801.0,107279.31,107721.53,"MLbias+0.27,RSI32.0,OIagg-0.35%,funding+,BOS_down,sweep_low"
2025-10-30 20:00:00+01:00,106536.39,30.890322589288047,-0.41806143875472435,-0.8551795022852826,3.562e-05,BOS_down,0.31005205534376035,high,LONG,104750.19142857143,106805.505,107074.62000000001,"MLbias+0.31,RSI30.9,OIagg-0.42%,funding+,BOS_down"
2025-10-31 01:00:00+01:00,109317.21,51.26398871486799,-0.6647410629904482,-1.334277872066249,2.13e-06,neutral,0.2092093106470092,normal,LONG,106801.0,109508.16,109699.11,"MLbias+0.21,RSI51.3,OIagg-0.66%,funding+"
2025-10-31 02:00:00+01:00,109619.77,53.12332235078835,-1.6809722636996316,-3.307990589883074,2.13e-06,neutral,-0.34347942677837184,high,SHORT,113624.12,109261.245,108902.71999999999,"MLbias-0.34,RSI53.1,OIagg-1.68%,funding+"
2025-10-31 09:00:00+01:00,110062.44,55.24795771200707,0.20824336704947655,0.36122259163084225,2.13e-06,neutral,-0.25010844374547625,high,SHORT,113624.12,109996.995,109931.54999999999,"MLbias-0.25,RSI55.2,OIagg+0.21%,funding+"
2025-10-31 10:00:00+01:00,109848.39,53.54848769192304,-0.10179509096360784,-0.2409305868640765,0.0001,neutral,0.2845986116612594,high,LONG,106801.0,109990.935,110133.48,"MLbias+0.28,RSI53.5,OIagg-0.10%,funding+,sweep_high"
2025-10-31 13:00:00+01:00,109653.19,51.16899822563423,-0.032259189785599496,-0.10587874786905992,0.0001,neutral,0.3235538560443133,high,LONG,106801.0,109691.575,109729.95999999999,"MLbias+0.32,RSI51.2,OIagg-0.03%,funding+,sweep_high"
2025-10-31 14:00:00+01:00,110157.54,54.72621236661852,-0.09242185142076531,-0.2227259872808897,0.0001,neutral,0.2105965805909074,normal,LONG,106801.0,110158.93,110160.31999999999,"MLbias+0.21,RSI54.7,OIagg-0.09%,funding+"
2025-10-31 17:00:00+01:00,108845.4,44.78590511149265,0.7171507072481154,1.349616658689042,0.0001,neutral,0.5886330709125632,high,LONG,106801.0,109508.16,110170.92000000001,"MLbias+0.59,RSI44.8,OIagg+0.72%,funding+"
2025-10-31 18:00:00+01:00,109299.98,47.973007421680435,-0.6250287294181867,-1.2571490279891744,0.0001,neutral,0.3601515176134893,high,LONG,108671.25,109508.16,109716.34000000001,"MLbias+0.36,RSI48.0,OIagg-0.63%,funding+,sweep_low"
2025-10-31 19:00:00+01:00,109452.35,49.034929149100584,-0.18734586499933314,-0.4070863303755428,0.0001,neutral,0.4043542297313095,high,LONG,108671.25,109508.16,109563.97,"MLbias+0.40,RSI49.0,OIagg-0.19%,funding+"
2025-10-31 21:00:00+01:00,109493.85,49.23028497012534,-0.5369265664294076,-1.0860380057761436,0.0001,neutral,0.33177965878126553,high,LONG,108671.25,109508.16,109522.47,"MLbias+0.33,RSI49.2,OIagg-0.54%,funding+"
2025-10-31 22:00:00+01:00,109558.48,49.721696357763506,0.15676887739604073,0.2612494213510697,0.0001,neutral,0.2772911308610564,high,LONG,108671.25,109691.575,109824.67,"MLbias+0.28,RSI49.7,OIagg+0.16%,funding+"
2025-10-31 23:00:00+01:00,109580.09,49.89632495561783,-0.12993510162265798,-0.29558379656528344,0.0001,neutral,0.36547972826122505,high,LONG,108671.25,109691.575,109803.06,"MLbias+0.37,RSI49.9,OIagg-0.13%,funding+"
2025-11-01 00:00:00+01:00,109608.01,50.13729105638946,0.15390931867460544,0.25569561881882885,0.0001,neutral,0.3613691686700632,high,LONG,108671.25,109691.575,109775.14,"MLbias+0.36,RSI50.1,OIagg+0.15%,funding+"
2025-11-01 01:00:00+01:00,109730.78,51.24760013853663,-0.017050654300199142,-0.0763409026563215,0.0001,neutral,0.288564033566113,high,LONG,108671.25,109783.11,109835.44,"MLbias+0.29,RSI51.2,OIagg-0.02%,funding+"
2025-11-01 02:00:00+01:00,109734.11,51.279289850665805,-0.06592606163560166,-0.17126616472172776,0.0001,neutral,0.21871814743500936,normal,LONG,108671.25,109783.11,109832.11,"MLbias+0.22,RSI51.3,OIagg-0.07%,funding+,sweep_high"
2025-11-01 03:00:00+01:00,109790.27,51.8477582851746,-0.023618476516440445,-0.08909685251055648,0.0001,neutral,0.21455203839311715,normal,LONG,108671.25,109990.935,110191.59999999999,"MLbias+0.21,RSI51.8,OIagg-0.02%,funding+"
2025-11-01 17:00:00+01:00,110464.33,58.811447269380146,-0.40101881208196577,-0.8220795059600823,9.782e-05,neutral,-0.23967645854806027,normal,SHORT,111096.94714285714,110456.57,110448.81000000001,"MLbias-0.24,RSI58.8,OIagg-0.40%,funding+"
2025-11-01 22:00:00+01:00,109862.85,46.95311573584406,-0.10297968972293736,-0.24323130114559738,9.782e-05,neutral,0.5762786576976624,high,LONG,109854.72,109990.935,110119.01999999999,"MLbias+0.58,RSI47.0,OIagg-0.10%,funding+"
2025-11-01 23:00:00+01:00,110092.78,50.874129603465896,0.008966595557402535,-0.025810494919645925,9.782e-05,neutral,0.3742193240836567,high,LONG,109854.72,110101.235,110109.69,"MLbias+0.37,RSI50.9,OIagg+0.01%,funding+"
2025-11-02 00:00:00+01:00,110098.1,50.96444260797137,0.005732419874737715,-0.03209187426725385,9.782e-05,neutral,0.3843542201059169,high,LONG,109854.72,110101.235,110104.37,"MLbias+0.38,RSI51.0,OIagg+0.01%,funding+"
2025-11-02 01:00:00+01:00,109974.09,48.71619989350456,0.009861283782131025,-0.024072841591943266,9.782e-05,neutral,0.3899430251298588,high,LONG,109854.72,109990.935,110007.78,"MLbias+0.39,RSI48.7,OIagg+0.01%,funding+"
2025-11-02 02:00:00+01:00,109978.01,48.79309849765251,0.06012429547872511,0.07354740993360813,8.2e-05,neutral,0.5480079058679618,high,LONG,109854.72,109990.935,110003.86,"MLbias+0.55,RSI48.8,OIagg+0.06%,funding+"
2025-11-02 03:00:00+01:00,110015.77,49.57741964809938,0.0798373438423372,0.11183386899434868,8.2e-05,neutral,0.5593254671712372,high,LONG,109854.72,110101.235,110186.7,"MLbias+0.56,RSI49.6,OIagg+0.08%,funding+"
2025-11-02 04:00:00+01:00,110053.23,50.38924339358695,0.14149122233899636,0.23157733288983762,8.2e-05,neutral,0.5430668666311257,high,LONG,109854.72,110101.235,110149.24,"MLbias+0.54,RSI50.4,OIagg+0.14%,funding+"
2025-11-02 06:00:00+01:00,110497.98,57.56512276683918,0.10734958381839466,0.16526782959158146,8.2e-05,neutral,0.40223857830264176,high,LONG,109854.72,110536.91500000001,110575.85000000002,"MLbias+0.40,RSI57.6,OIagg+0.11%,funding+"
2025-11-02 08:00:00+01:00,110895.53,63.49936430248873,-0.02556165355629414,-0.09287086892911597,8.2e-05,BOS_up,-0.4292788336353851,high,SHORT,111560.00714285714,110766.76999999999,110638.00999999998,"MLbias-0.43,RSI63.5,OIagg-0.03%,funding+,BOS_up"
2025-11-02 09:00:00+01:00,110850.17,62.394278671735975,0.28524307858790454,0.5107705584966158,8.15e-05,BOS_up,-0.4302492279576161,high,SHORT,111533.12,110766.76999999999,110683.36999999998,"MLbias-0.43,RSI62.4,OIagg+0.29%,funding+,BOS_up"
2025-11-02 10:00:00+01:00,110714.0,59.07080300083028,-0.07242953236558103,-0.18389713184884615,8.15e-05,neutral,-0.21093143454372434,normal,SHORT,111452.88428571429,110672.935,110631.87,"MLbias-0.21,RSI59.1,OIagg-0.07%,funding+"
2025-11-02 12:00:00+01:00,111196.99,64.42409553229673,-0.2826748985571337,-0.5922332986824741,8.15e-05,BOS_up,-0.4058337415628174,high,SHORT,112006.16,110766.76999999999,110336.54999999997,"MLbias-0.41,RSI64.4,OIagg-0.28%,funding+,BOS_up"
2025-11-02 15:00:00+01:00,110422.24,50.31735077328552,-0.1422089956669037,-0.31942201443869483,8.15e-05,neutral,-0.24433576326844197,normal,SHORT,111229.78,110198.38,109974.52,"MLbias-0.24,RSI50.3,OIagg-0.14%,funding+"
2025-11-02 16:00:00+01:00,110117.48,45.628284368480884,0.0091851962162659,-0.025385931198102372,8.15e-05,neutral,-0.2387248727485154,normal,SHORT,111229.78,109996.995,109876.51,"MLbias-0.24,RSI45.6,OIagg+0.01%,funding+"
2025-11-02 18:00:00+01:00,110190.4,47.00580132666832,-0.18176874024177225,-0.396254501894812,5.635e-05,neutral,-0.2281037844837115,normal,SHORT,111229.78,110172.845,110155.29000000001,"MLbias-0.23,RSI47.0,OIagg-0.18%,funding+"
2025-11-02 22:00:00+01:00,109990.9,43.61973708807997,0.03286889405984539,0.020612278270552585,5.635e-05,neutral,0.2343739283131675,normal,LONG,109157.23285714285,109990.935,109990.97,"MLbias+0.23,RSI43.6,OIagg+0.03%,funding+"
2025-11-02 23:00:00+01:00,109899.99,42.024408422766,-0.013026620311729076,-0.06852546946117066,5.635e-05,neutral,0.24171806072004604,normal,LONG,109890.34,109990.935,110081.87999999999,"MLbias+0.24,RSI42.0,OIagg-0.01%,funding+,sweep_low"
2025-11-03 03:00:00+01:00,109033.83,34.358339582618484,0.13333616047488395,0.2157386641847741,6.098e-05,BOS_down,-0.407426745920252,high,SHORT,110742.26,108333.095,107632.36,"MLbias-0.41,RSI34.4,OIagg+0.13%,funding+,BOS_down"
2025-11-03 04:00:00+01:00,107937.45,26.136432846881107,0.1500160136767903,0.24813408598735795,6.098e-05,BOS_down,-0.4538081911170773,high,SHORT,110742.26,107558.315,107179.18000000001,"MLbias-0.45,RSI26.1,OIagg+0.15%,funding+,BOS_down"
2025-11-03 05:00:00+01:00,107900.37,25.910603070790046,0.11375392645673887,0.17770627126286198,6.098e-05,BOS_down,-0.4804183058091021,high,SHORT,110742.26,107558.315,107216.26000000001,"MLbias-0.48,RSI25.9,OIagg+0.11%,funding+,BOS_down"
2025-11-03 06:00:00+01:00,107606.75,24.132458567892016,-0.03892955873634474,-0.11883386282855811,6.098e-05,BOS_down,-0.3617425857323644,high,SHORT,110742.26,107558.315,107509.88,"MLbias-0.36,RSI24.1,OIagg-0.04%,funding+,BOS_down,sweep_low"
2025-11-03 07:00:00+01:00,107494.23,23.46781179662301,-0.2453056731382186,-0.5196552126988856,6.098e-05,BOS_down,-0.38061427035375484,high,SHORT,110742.26,107083.51,106672.79,"MLbias-0.38,RSI23.5,OIagg-0.25%,funding+,BOS_down,sweep_low"
2025-11-03 08:00:00+01:00,107468.23,23.308068032018284,0.39325691560410103,0.7205538082829696,6.098e-05,BOS_down,-0.38370245570453576,high,SHORT,110742.26,107083.51,106698.79,"MLbias-0.38,RSI23.3,OIagg+0.39%,funding+,BOS_down"
2025-11-03 09:00:00+01:00,107586.97,25.792391456666778,0.3829553950891462,0.7005463119189254,6.098e-05,BOS_down,-0.34374328925438524,high,SHORT,110742.26,107558.315,107529.66,"MLbias-0.34,RSI25.8,OIagg+0.38%,funding+,BOS_down,sweep_low"
2025-11-03 10:00:00+01:00,107197.94,23.14681439068343,0.11559104571772227,0.1812743034655918,6.853e-05,BOS_down,0.2761208366091636,high,LONG,107006.05,107279.31,107360.68,"MLbias+0.28,RSI23.1,OIagg+0.12%,funding+,BOS_down"
2025-11-03 12:00:00+01:00,107787.42,36.58490930875177,0.3147485618833823,0.568075773673021,6.853e-05,BOS_down,-0.3686335913322985,high,SHORT,107912.86,107558.315,107329.21,"MLbias-0.37,RSI36.6,OIagg+0.31%,funding+,BOS_down,sweep_high"
2025-11-03 13:00:00+01:00,107768.9,36.41559928284749,-0.0010767275535839005,-0.045316523212680246,6.853e-05,BOS_down,-0.5029131491825278,high,SHORT,107920.92,107558.315,107347.73000000001,"MLbias-0.50,RSI36.4,OIagg-0.00%,funding+,BOS_down,sweep_high"
2025-11-03 14:00:00+01:00,107908.68,38.7206658320325,-1.057914373914981,-2.0978946194524295,6.853e-05,BOS_down,-0.5822266840600596,high,SHORT,107920.92,107558.315,107207.95000000001,"MLbias-0.58,RSI38.7,OIagg-1.06%,funding+,BOS_down"
2025-11-03 15:00:00+01:00,108059.99,41.2053872231455,0.10763204838972751,0.16581642907994912,6.853e-05,neutral,-0.3624625523883467,high,SHORT,108265.44,107558.315,107056.64,"MLbias-0.36,RSI41.2,OIagg+0.11%,funding+,sweep_high"
2025-11-03 16:00:00+01:00,105745.71,24.705288443836707,0.027167878642875287,0.009539830755566544,6.853e-05,BOS_down,0.3968069097763988,high,LONG,103896.46857142859,106805.505,107865.3,"MLbias+0.40,RSI24.7,OIagg+0.03%,funding+,BOS_down"
2025-11-03 19:00:00+01:00,106961.62,40.212476305984104,-1.3607335326125347,-2.6860265566561483,5.329e-05,neutral,-0.3946782183132711,high,SHORT,108265.44,106060.95999999999,105160.29999999999,"MLbias-0.39,RSI40.2,OIagg-1.36%,funding+"
2025-11-03 20:00:00+01:00,107090.0,41.42186834107389,-0.002258407448008093,-0.047611568507870815,5.329e-05,neutral,-0.4024261037176844,high,SHORT,108265.44,107083.51,107077.01999999999,"MLbias-0.40,RSI41.4,OIagg-0.00%,funding+"
2025-11-03 21:00:00+01:00,106657.55,38.590112553514906,0.32633165298654454,0.5905723219053406,5.329e-05,BOS_down,-0.21352558564516289,normal,SHORT,108265.44,106060.95999999999,105464.36999999998,"MLbias-0.21,RSI38.6,OIagg+0.33%,funding+,BOS_down"
2025-11-03 22:00:00+01:00,106888.71,40.91532393156169,0.11552946959298982,0.18115471101417574,5.329e-05,neutral,-0.4465414042760937,high,SHORT,108265.44,106060.95999999999,105233.20999999998,"MLbias-0.45,RSI40.9,OIagg+0.12%,funding+"
2025-11-04 00:00:00+01:00,106583.04,39.230474836273416,-0.11624033708339532,-0.2689859801237228,5.329e-05,BOS_down,-0.3269400876883916,high,SHORT,108265.44,106060.95999999999,105538.87999999999,"MLbias-0.33,RSI39.2,OIagg-0.12%,funding+,BOS_down"
2025-11-04 02:00:00+01:00,107040.01,44.66412722326877,0.42725032675281494,0.7865754260598804,0.0001,neutral,-0.44828796716851393,high,SHORT,107169.68,106060.95999999999,105081.90999999999,"MLbias-0.45,RSI44.7,OIagg+0.43%,funding+,sweep_high"
2025-11-04 03:00:00+01:00,106482.6,40.34730529636425,-0.09830914799331403,-0.23416022794452,0.0001,neutral,0.27607038819642604,high,LONG,106088.73,106805.505,107128.41,"MLbias+0.28,RSI40.3,OIagg-0.10%,funding+"
2025-11-04 04:00:00+01:00,107158.79,47.03495202256164,-0.3059087565200347,-0.6373578342343503,0.0001,neutral,-0.3814008095554498,high,SHORT,107169.68,107083.51,107008.23,"MLbias-0.38,RSI47.0,OIagg-0.31%,funding+"
2025-11-04 05:00:00+01:00,106750.14,43.836453801128634,0.15388604062056555,0.2556504084461572,0.0001,neutral,-0.21460948262507562,normal,SHORT,107298.74,106060.95999999999,105371.77999999998,"MLbias-0.21,RSI43.8,OIagg+0.15%,funding+,sweep_high"
2025-11-04 06:00:00+01:00,104215.76,30.14508576552994,0.13786054275786164,0.2245258681654691,0.0001,BOS_down,0.4703384199896376,high,LONG,102061.08142857143,104369.7,104523.64,"MLbias+0.47,RSI30.1,OIagg+0.14%,funding+,BOS_down"
2025-11-04 07:00:00+01:00,104766.14,34.900258415525286,-0.6417625832160434,-1.2896493291370517,0.0001,BOS_down,-0.5161442495200192,high,SHORT,107298.74,104461.20499999999,104156.26999999997,"MLbias-0.52,RSI34.9,OIagg-0.64%,funding+,BOS_down"
2025-11-04 08:00:00+01:00,104490.72,33.6652533836787,0.3323075554532151,0.6021786519320802,0.0001,BOS_down,-0.30845421208868806,high,SHORT,107298.74,104461.20499999999,104431.68999999997,"MLbias-0.31,RSI33.7,OIagg+0.33%,funding+,BOS_down"
2025-11-04 09:00:00+01:00,104051.9,31.738182205733267,1.0227972141603425,1.9432398395439134,0.0001,BOS_down,0.373590136182701,high,LONG,102036.20857142856,104059.325,104066.75,"MLbias+0.37,RSI31.7,OIagg+1.02%,funding+,BOS_down"
2025-11-04 10:00:00+01:00,103857.96,30.896419494928708,-0.3842961967283509,-0.7896010319912106,5.808e-05,BOS_down,0.3626614625948614,high,LONG,103759.99,104059.325,104260.68999999999,"MLbias+0.36,RSI30.9,OIagg-0.38%,funding+,BOS_down,sweep_low"
2025-11-04 11:00:00+01:00,103816.39,30.70841753037466,0.5782535133576072,1.0798521032813226,5.808e-05,BOS_down,0.31059124258882875,high,LONG,103636.0,103840.48,103864.56999999999,"MLbias+0.31,RSI30.7,OIagg+0.58%,funding+,BOS_down,sweep_low"
2025-11-04 12:00:00+01:00,104584.76,38.19452783437328,0.35365794099506687,0.6436451286992154,5.808e-05,BOS_down,-0.4115720740233769,high,SHORT,107298.74,104461.20499999999,104337.64999999998,"MLbias-0.41,RSI38.2,OIagg+0.35%,funding+,BOS_down"
2025-11-04 13:00:00+01:00,103952.54,34.857537426899825,-0.2082922402849352,-0.4477681430029311,5.808e-05,BOS_down,0.24037635209318192,normal,LONG,103636.0,104059.325,104166.11,"MLbias+0.24,RSI34.9,OIagg-0.21%,funding+,BOS_down"
2025-11-04 14:00:00+01:00,103924.25,34.711395346629956,-0.3959882404056092,-0.8123091866778313,5.808e-05,BOS_down,0.28644649779617054,high,LONG,103605.0,104059.325,104194.4,"MLbias+0.29,RSI34.7,OIagg-0.40%,funding+,BOS_down,sweep_low"
2025-11-04 15:00:00+01:00,104500.01,40.20591849481079,0.20025063505713092,0.3456991981625202,5.808e-05,neutral,-0.4187582300717225,high,SHORT,107298.74,104461.20499999999,104422.39999999998,"MLbias-0.42,RSI40.2,OIagg+0.20%,funding+,sweep_low"
2025-11-04 17:00:00+01:00,102257.7,29.469165512789317,-0.5383863724754967,-1.088873224530204,6.339e-05,BOS_down,-0.2262802284043019,normal,SHORT,104699.07,102209.0,102160.3,"MLbias-0.23,RSI29.5,OIagg-0.54%,funding+,BOS_down"
2025-11-04 18:00:00+01:00,101114.83,25.560338393005154,0.32864604950977316,0.5950673165962924,6.339e-05,BOS_down,-0.2651206291090486,high,SHORT,104699.07,98926.53857142858,97832.39285714287,"MLbias-0.27,RSI25.6,OIagg+0.33%,funding+,BOS_down"
2025-11-04 19:00:00+01:00,101363.98,27.808429244682856,1.319720819711323,2.51992150025953,6.339e-05,BOS_down,-0.30625615126936473,high,SHORT,104699.07,101344.20999999999,101324.43999999999,"MLbias-0.31,RSI27.8,OIagg+1.32%,funding+,BOS_down,sweep_low"
2025-11-04 20:00:00+01:00,100542.64,25.115650532352163,0.7913079629180642,1.4936440399897044,6.339e-05,BOS_down,-0.2376392140660485,normal,SHORT,104699.07,98406.56,97338.52,"MLbias-0.24,RSI25.1,OIagg+0.79%,funding+,BOS_down"
2025-11-04 21:00:00+01:00,100755.43,27.085579468730685,0.14868030090866569,0.24553987979101397,6.339e-05,BOS_down,-0.20655216246467245,normal,SHORT,104699.07,98545.29285714285,97440.22428571428,"MLbias-0.21,RSI27.1,OIagg+0.15%,funding+,BOS_down,sweep_low"
2025-11-04 23:00:00+01:00,101295.71,34.32469555576486,0.35943854685700494,0.654872155874165,6.339e-05,BOS_down,-0.5586405570166353,high,SHORT,104699.07,98778.89571428573,97520.48857142858,"MLbias-0.56,RSI34.3,OIagg+0.36%,funding+,BOS_down"
2025-11-05 00:00:00+01:00,101497.22,35.98421702108524,0.5955407912543897,1.113427258440407,6.339e-05,BOS_down,-0.5065493162770758,high,SHORT,104699.07,101344.20999999999,101191.19999999998,"MLbias-0.51,RSI36.0,OIagg+0.60%,funding+,BOS_down"
2025-11-05 01:00:00+01:00,100564.3,31.958035606055944,0.7465598614167623,1.4067347845273226,7.132e-05,BOS_down,-0.3755904107585096,high,SHORT,104699.07,97871.57142857143,96525.20714285715,"MLbias-0.38,RSI32.0,OIagg+0.75%,funding+,BOS_down"
2025-11-05 02:00:00+01:00,100761.62,33.64902156144002,0.2843214053783738,0.5089804952373375,7.132e-05,BOS_down,0.21703433448391163,normal,LONG,99600.0,100869.425,100977.23000000001,"MLbias+0.22,RSI33.6,OIagg+0.28%,funding+,BOS_down"
2025-11-05 04:00:00+01:00,102130.0,44.257820290311585,2.1254378928062367,4.08477606585426,7.132e-05,neutral,-0.49678950961216006,high,SHORT,105057.09857142858,102017.375,101904.75,"MLbias-0.50,RSI44.3,OIagg+2.13%,funding+"
2025-11-05 05:00:00+01:00,101998.3,43.50070025451002,0.4735875240579279,0.8765710053781159,7.132e-05,neutral,-0.49627846912467244,high,SHORT,104774.00142857143,101828.37,101658.43999999999,"MLbias-0.50,RSI43.5,OIagg+0.47%,funding+"
2025-11-05 06:00:00+01:00,101824.89,42.47046876697235,0.5055821923194648,0.9387106873777015,7.132e-05,neutral,-0.36508028941533344,high,SHORT,102272.23,101575.47,101326.05,"MLbias-0.37,RSI42.5,OIagg+0.51%,funding+,sweep_high"
2025-11-05 07:00:00+01:00,102119.99,44.863548337621204,-0.4893741996847556,-0.9936823381478398,7.132e-05,neutral,-0.4763273888823126,high,SHORT,102272.23,102017.375,101914.76,"MLbias-0.48,RSI44.9,OIagg-0.49%,funding+"
2025-11-05 08:00:00+01:00,101993.02,44.01517822134259,-0.4390252714892351,-0.8958952205720402,7.132e-05,neutral,-0.4346314339131821,high,SHORT,102272.23,101828.37,101663.71999999999,"MLbias-0.43,RSI44.0,OIagg-0.44%,funding+"
2025-11-05 17:00:00+01:00,103919.2,60.070653668844926,0.31830540309252253,0.5749838303483484,2.831e-05,BOS_up,-0.2518484384190666,high,SHORT,105554.96714285715,103909.09,103898.98,"MLbias-0.25,RSI60.1,OIagg+0.32%,funding+,BOS_up"
2025-11-05 19:00:00+01:00,104347.4,62.97956378813158,0.18530702043997316,0.3166758792568865,2.816e-05,BOS_up,-0.23670339122874917,normal,SHORT,105947.74714285713,104228.105,104108.81,"MLbias-0.24,RSI63.0,OIagg+0.19%,funding+,BOS_up"
2025-11-05 20:00:00+01:00,104008.09,59.24396884075369,-0.03481431113934175,-0.11084127559693038,2.816e-05,neutral,-0.2761377668440715,high,SHORT,104429.75,103909.09,103810.09,"MLbias-0.28,RSI59.2,OIagg-0.03%,funding+,sweep_high"
2025-11-06 11:00:00+01:00,103122.54,48.26281326828009,-0.13629270697347318,-0.3079314656065483,7.916e-05,neutral,-0.26363114970504986,high,SHORT,104100.0,102944.875,102767.21,"MLbias-0.26,RSI48.3,OIagg-0.14%,funding+,sweep_low"
2025-11-06 14:00:00+01:00,103319.71,51.10221401936116,0.19356556062217756,0.3327155223782973,7.916e-05,neutral,-0.24019086121530098,normal,SHORT,103440.0,103285.055,103250.39999999998,"MLbias-0.24,RSI51.1,OIagg+0.19%,funding+,sweep_high"
2025-11-06 15:00:00+01:00,102125.0,40.601887568470964,-0.24492077890082564,-0.5189076754742592,7.916e-05,neutral,0.22223382175213457,normal,LONG,100587.46857142857,102201.15,102277.29999999999,"MLbias+0.22,RSI40.6,OIagg-0.24%,funding+"
2025-11-06 16:00:00+01:00,102014.48,39.78742343971375,0.07220726709291636,0.09701482042770265,7.916e-05,BOS_down,-0.3173352459731949,high,SHORT,103440.0,101828.37,101642.26,"MLbias-0.32,RSI39.8,OIagg+0.07%,funding+,BOS_down"
2025-11-06 17:00:00+01:00,100867.2,32.49933763625751,-0.02579101183056709,-0.09331632596935753,7.916e-05,BOS_down,0.3534639818630265,high,LONG,99083.70142857142,100869.425,100871.65000000001,"MLbias+0.35,RSI32.5,OIagg-0.03%,funding+,BOS_down"
2025-11-06 18:00:00+01:00,101804.01,41.86376717205139,-0.6624163403206929,-1.3297628220505722,4.494e-05,neutral,-0.21943532099685342,normal,SHORT,103440.0,101575.47,101346.93000000001,"MLbias-0.22,RSI41.9,OIagg-0.66%,funding+"
2025-11-06 19:00:00+01:00,101722.13,41.32414698442094,0.3499675460933993,0.636477685556253,4.494e-05,neutral,-0.21632814358707197,normal,SHORT,103440.0,101575.47,101428.81,"MLbias-0.22,RSI41.3,OIagg+0.35%,funding+"
2025-11-06 20:00:00+01:00,101388.81,39.11385944393519,-0.7885539928726648,-1.574745940915304,4.494e-05,BOS_down,-0.37561359841553915,high,SHORT,103440.0,101344.20999999999,101299.60999999999,"MLbias-0.38,RSI39.1,OIagg-0.79%,funding+,BOS_down"
2025-11-06 23:00:00+01:00,101415.05,41.42598937394996,-0.5094327749249672,-1.03263987559135,4.494e-05,neutral,-0.36054850072617467,high,SHORT,103440.0,101344.20999999999,101273.36999999998,"MLbias-0.36,RSI41.4,OIagg-0.51%,funding+"
2025-11-07 00:00:00+01:00,101346.04,40.909393736656845,0.05567931781140789,0.06491442469730227,4.494e-05,neutral,-0.346628936240717,high,SHORT,103440.0,101344.20999999999,101342.37999999999,"MLbias-0.35,RSI40.9,OIagg+0.06%,funding+"
2025-11-07 01:00:00+01:00,101479.78,42.40829072772057,0.13866025058943965,0.22607905165031167,4.494e-05,neutral,-0.20797314638768033,normal,SHORT,103440.0,101344.20999999999,101208.63999999998,"MLbias-0.21,RSI42.4,OIagg+0.14%,funding+"
2025-11-07 09:00:00+01:00,101496.18,43.55633195498137,-0.3138524766544748,-0.6527860374278565,4.705e-05,neutral,-0.21803056168346768,normal,SHORT,102500.0,101344.20999999999,101192.23999999999,"MLbias-0.22,RSI43.6,OIagg-0.31%,funding+"
2025-11-07 10:00:00+01:00,101013.66,39.336361646227125,0.06630006302101865,0.08554191564451212,4.227e-05,BOS_down,-0.3654014113515984,high,SHORT,102500.0,99704.14,99049.38,"MLbias-0.37,RSI39.3,OIagg+0.07%,funding+,BOS_down"
2025-11-07 11:00:00+01:00,100770.85,37.37406626877984,0.2781125932236117,0.49692181065469737,4.227e-05,BOS_down,-0.4504967064476229,high,SHORT,102500.0,99506.92,98874.955,"MLbias-0.45,RSI37.4,OIagg+0.28%,funding+,BOS_down"
2025-11-07 12:00:00+01:00,100411.89,34.62418511458982,0.37291124728342506,0.6810386819131262,4.227e-05,BOS_down,-0.5166985218156361,high,SHORT,102500.0,99103.16714285714,98448.80571428571,"MLbias-0.52,RSI34.6,OIagg+0.37%,funding+,BOS_down"
2025-11-07 14:00:00+01:00,100347.35,38.43737590572751,0.5083313899387765,0.9440501478284735,4.227e-05,BOS_down,-0.47489743441656407,high,SHORT,102500.0,98808.19,98038.61,"MLbias-0.47,RSI38.4,OIagg+0.51%,funding+,BOS_down"
2025-11-07 21:00:00+01:00,103783.09,66.67949715476308,-0.3298829516694579,-0.6839202442772793,8.631e-05,BOS_up,-0.3442285136708527,high,SHORT,105716.01142857142,103500.8,103218.51000000001,"MLbias-0.34,RSI66.7,OIagg-0.33%,funding+,BOS_up"
2025-11-07 22:00:00+01:00,103879.23,67.2256461873609,-0.44942697640766305,-0.9160972939487995,8.631e-05,BOS_up,-0.28650882913223824,high,SHORT,105840.19857142857,103785.455,103691.68000000001,"MLbias-0.29,RSI67.2,OIagg-0.45%,funding+,BOS_up"
2025-11-07 23:00:00+01:00,103633.03,64.31826127962213,-0.2398383512939084,-0.5090366421915224,8.631e-05,BOS_up,-0.33822833416618936,high,SHORT,103900.0,103500.8,103368.57,"MLbias-0.34,RSI64.3,OIagg-0.24%,funding+,BOS_up,sweep_high"
2025-11-08 00:00:00+01:00,103339.08,60.93005963649395,0.9446171925423963,1.7913994878219313,8.631e-05,BOS_up,-0.21927547612769804,normal,SHORT,103900.0,103285.055,103231.02999999998,"MLbias-0.22,RSI60.9,OIagg+0.94%,funding+,BOS_up"
2025-11-08 02:00:00+01:00,102996.84,56.64379470896801,-1.1349966714419124,-2.247602983888863,7.776e-05,neutral,-0.2596494539201119,high,SHORT,103900.0,102944.875,102892.91,"MLbias-0.26,RSI56.6,OIagg-1.13%,funding+"
2025-11-08 03:00:00+01:00,102846.65,55.074473442940594,0.16324263265297123,0.27382267542329314,7.776e-05,neutral,-0.28572808676524014,high,SHORT,103900.0,102721.795,102596.94,"MLbias-0.29,RSI55.1,OIagg+0.16%,funding+"
2025-11-08 04:00:00+01:00,102592.76,52.430061275411425,-0.046484490742582096,-0.13350696612684904,7.776e-05,neutral,-0.37255051463989247,high,SHORT,103900.0,102209.0,101825.24,"MLbias-0.37,RSI52.4,OIagg-0.05%,funding+"
2025-11-08 05:00:00+01:00,102565.03,52.135617571096326,-0.1790617254945004,-0.3909969685399223,7.776e-05,neutral,-0.33686233315987524,high,SHORT,103900.0,102209.0,101852.97,"MLbias-0.34,RSI52.1,OIagg-0.18%,funding+,sweep_low"
2025-11-08 06:00:00+01:00,102304.0,49.327371752862746,-0.6905890845395168,-1.3844796065004976,7.776e-05,neutral,-0.25672116862046046,high,SHORT,103900.0,102209.0,102114.0,"MLbias-0.26,RSI49.3,OIagg-0.69%,funding+"
2025-11-08 07:00:00+01:00,102215.62,48.377226887909394,-0.19988567230178056,-0.4314410019645875,7.776e-05,neutral,-0.26831653225212526,high,SHORT,103900.0,102209.0,102202.38,"MLbias-0.27,RSI48.4,OIagg-0.20%,funding+"
2025-11-09 04:00:00+01:00,101662.05,42.71639709508217,0.020790176516749526,-0.002846870014885476,-1.64e-05,neutral,0.30332549726512836,high,LONG,101568.41,101955.315,102248.58,"MLbias+0.30,RSI42.7,OIagg+0.02%,funding-,sweep_low"
2025-11-09 05:00:00+01:00,101724.91,43.9485830349018,0.1828230429284039,0.31185152629278357,-1.64e-05,neutral,0.33142103584538307,high,LONG,101568.41,101955.315,102185.72,"MLbias+0.33,RSI43.9,OIagg+0.18%,funding-"
2025-11-09 09:00:00+01:00,101972.94,49.16456190652517,0.08226273702287568,0.11654444013484733,4.187e-05,neutral,0.3316337213257348,high,LONG,101568.41,101984.32,101995.70000000001,"MLbias+0.33,RSI49.2,OIagg+0.08%,funding+"
2025-11-09 10:00:00+01:00,101657.46,43.65793381048539,0.011046902897637878,-0.021770145586221756,4.187e-05,neutral,0.47633522671146133,high,LONG,101635.96,101955.315,102253.17,"MLbias+0.48,RSI43.7,OIagg+0.01%,funding+,sweep_low"
2025-11-09 11:00:00+01:00,101876.36,48.009228045369134,-0.015444993223134862,-0.073222405914543,4.187e-05,neutral,0.36095839175290034,high,LONG,101631.62,101955.315,102034.27,"MLbias+0.36,RSI48.0,OIagg-0.02%,funding+,sweep_low"
2025-11-09 12:00:00+01:00,102239.41,54.3115102635806,0.011961287768058604,-0.019994237656540764,4.187e-05,neutral,0.3762184582699478,high,LONG,101631.62,102597.59,102955.76999999999,"MLbias+0.38,RSI54.3,OIagg+0.01%,funding+"
2025-11-09 14:00:00+01:00,102911.39,62.7596283455237,0.017948983760418535,-0.008365002377901045,4.187e-05,BOS_up,0.28879877184240943,high,LONG,101631.62,103573.965,104236.54,"MLbias+0.29,RSI62.8,OIagg+0.02%,funding+,BOS_up"
2025-11-09 16:00:00+01:00,103762.17,70.79432356264836,0.5693440078569312,1.0625481626978497,4.187e-05,BOS_up,0.2217444353034333,normal,LONG,101631.62,103840.48,103918.79,"MLbias+0.22,RSI70.8,OIagg+0.57%,funding+,BOS_up,sweep_high"
2025-11-09 18:00:00+01:00,103637.57,67.38453981998217,-0.07408165531422872,-0.18710586631091286,8.948e-05,BOS_up,0.3441644464883924,high,LONG,101631.62,103840.48,104043.38999999998,"MLbias+0.34,RSI67.4,OIagg-0.07%,funding+,BOS_up"
2025-11-09 20:00:00+01:00,104805.57,75.86571834820803,-0.33400126123480645,-0.6919187784291166,8.948e-05,BOS_up,-0.357454817072251,high,SHORT,106070.22571428573,104461.20499999999,104116.83999999997,"MLbias-0.36,RSI75.9,OIagg-0.33%,funding+,BOS_up"
2025-11-09 22:00:00+01:00,104528.82,70.76119754665474,-0.17193161894311082,-0.3771489564241302,8.948e-05,BOS_up,0.2301957669783267,normal,LONG,101631.62,105415.43,106302.03999999998,"MLbias+0.23,RSI70.8,OIagg-0.17%,funding+,BOS_up"
2025-11-09 23:00:00+01:00,104732.48,72.30666829562792,-0.20928978113428087,-0.44970555553220726,8.948e-05,BOS_up,0.21726392210612033,normal,LONG,101631.62,105415.43,106098.37999999999,"MLbias+0.22,RSI72.3,OIagg-0.21%,funding+,BOS_up"
2025-11-10 01:00:00+01:00,106314.96,81.13210119281055,0.10941544966380778,0.1692801308174736,8.87e-05,BOS_up,-0.4321168053481249,high,SHORT,108072.99714285714,106060.95999999999,105806.95999999998,"MLbias-0.43,RSI81.1,OIagg+0.11%,funding+,BOS_up"
2025-11-10 07:00:00+01:00,106221.88,73.9480736404125,-0.09482565702182422,-0.22739463126924425,8.87e-05,BOS_up,-0.2128797157397627,normal,SHORT,106525.0,106060.95999999999,105900.03999999998,"MLbias-0.21,RSI73.9,OIagg-0.09%,funding+,BOS_up"
2025-11-10 08:00:00+01:00,106461.45,75.48870762615847,0.2417579462903996,0.42631422750457615,8.87e-05,BOS_up,-0.26185795577543886,high,SHORT,106473.73,106060.95999999999,105660.46999999999,"MLbias-0.26,RSI75.5,OIagg+0.24%,funding+,BOS_up,sweep_high"
2025-11-10 09:00:00+01:00,105965.46,66.69489162685142,0.08634483498557444,0.12447264452252028,7.355e-05,BOS_up,-0.4046108785058501,high,SHORT,106539.4,105952.41,105939.36,"MLbias-0.40,RSI66.7,OIagg+0.09%,funding+,BOS_up,sweep_high"
2025-11-10 10:00:00+01:00,106440.0,70.26402044036354,0.39345142023234914,0.7209315729670096,7.355e-05,BOS_up,-0.41803429290944377,high,SHORT,106554.0,106060.95999999999,105681.91999999998,"MLbias-0.42,RSI70.3,OIagg+0.39%,funding+,BOS_up,sweep_high"
2025-11-10 11:00:00+01:00,105995.26,63.405985728039205,0.09669919989470088,0.14458277466986996,7.355e-05,BOS_up,-0.3911414059193804,high,SHORT,106554.0,105952.41,105909.56000000001,"MLbias-0.39,RSI63.4,OIagg+0.10%,funding+,BOS_up"
2025-11-10 12:00:00+01:00,106176.5,64.90910576371239,-0.08614377159845699,-0.21053277181957347,7.355e-05,BOS_up,-0.35895879085390825,high,SHORT,106554.0,106060.95999999999,105945.41999999998,"MLbias-0.36,RSI64.9,OIagg-0.09%,funding+,BOS_up"
2025-11-10 14:00:00+01:00,106548.02,66.46323443326497,-0.5020701594248611,-1.0183402872311287,7.355e-05,BOS_up,-0.36819826469979755,high,SHORT,106554.0,106060.95999999999,105573.89999999998,"MLbias-0.37,RSI66.5,OIagg-0.50%,funding+,BOS_up"
2025-11-10 15:00:00+01:00,104898.15,48.014145172310805,0.3517465835852551,0.6399329120054098,7.355e-05,neutral,0.20956703881452543,normal,LONG,101631.62,105415.43,105932.70999999999,"MLbias+0.21,RSI48.0,OIagg+0.35%,funding+"
2025-11-11 03:00:00+01:00,106655.02,61.672176570000936,-0.5639317561714874,-1.1384871791569682,2.818e-05,BOS_up,-0.2430094888164196,normal,SHORT,108389.13714285714,106060.95999999999,105466.89999999998,"MLbias-0.24,RSI61.7,OIagg-0.56%,funding+,BOS_up"
2025-11-11 06:00:00+01:00,105249.35,45.980316829718156,-0.5348648906440712,-1.0820338424374332,2.818e-05,neutral,-0.22268756783969618,normal,SHORT,106299.22,104925.78,104602.20999999999,"MLbias-0.22,RSI46.0,OIagg-0.53%,funding+"
2025-11-11 09:00:00+01:00,105157.8,46.05431044926867,-0.10512718098223406,-0.24740213432501212,-2.775e-05,neutral,-0.2570655594172884,high,SHORT,106299.22,104925.78,104693.76,"MLbias-0.26,RSI46.1,OIagg-0.11%,funding-"
2025-11-11 14:00:00+01:00,104390.92,39.5000770892066,0.028167578945814675,0.011481437351132443,-2.775e-05,BOS_down,-0.23458902377428698,normal,SHORT,105497.99,104228.105,104065.29,"MLbias-0.23,RSI39.5,OIagg+0.03%,funding-,BOS_down,sweep_low"
2025-11-11 16:00:00+01:00,103455.99,33.1238784120234,-0.6039459588091822,-1.2162023099108787,-2.775e-05,BOS_down,-0.24526446582678918,normal,SHORT,105497.99,103285.055,103114.11999999998,"MLbias-0.25,RSI33.1,OIagg-0.60%,funding-,BOS_down"
2025-11-11 17:00:00+01:00,103399.43,32.750942431932486,1.1062940378188335,2.1054064239167083,-2.775e-05,BOS_down,-0.3015023003615943,high,SHORT,105497.99,103285.055,103170.68,"MLbias-0.30,RSI32.8,OIagg+1.11%,funding-,BOS_down"
2025-11-11 18:00:00+01:00,103338.99,32.33202755674397,0.054701915412125324,0.06301612483744515,5.823e-05,BOS_down,-0.40254928307384125,high,SHORT,105497.99,103285.055,103231.11999999998,"MLbias-0.40,RSI32.3,OIagg+0.05%,funding+,BOS_down,sweep_low"
2025-11-11 20:00:00+01:00,103126.39,31.201867671068285,-0.12541417422776702,-0.28680330262906517,5.823e-05,BOS_down,-0.2271375784092522,normal,SHORT,105497.99,102944.875,102763.36,"MLbias-0.23,RSI31.2,OIagg-0.13%,funding+,BOS_down"
2025-11-11 23:00:00+01:00,103000.01,33.874553448838185,-0.3054369257770473,-0.636441449914088,5.823e-05,BOS_down,0.3003270055831734,high,LONG,101636.20999999999,103573.965,104147.92,"MLbias+0.30,RSI33.9,OIagg-0.31%,funding+,BOS_down"
2025-11-12 01:00:00+01:00,102885.99,33.30945137113484,0.004002847439776858,-0.035451030243655084,2.462e-05,BOS_down,0.2850164340862817,high,LONG,101515.87714285715,102908.995,102931.99999999999,"MLbias+0.29,RSI33.3,OIagg+0.00%,funding+,BOS_down"
2025-11-12 02:00:00+01:00,103254.64,39.38380384642486,-0.16418373758857463,-0.36210110908888576,2.462e-05,BOS_down,0.28344896059132024,high,LONG,103170.33,103573.965,103893.29,"MLbias+0.28,RSI39.4,OIagg-0.16%,funding+,BOS_down,sweep_high"
2025-11-12 03:00:00+01:00,103151.66,38.333446919208285,0.04218154146691244,0.038699196494520895,2.462e-05,BOS_down,0.2014836087563196,normal,LONG,101827.79428571429,103573.965,103996.26999999999,"MLbias+0.20,RSI38.3,OIagg+0.04%,funding+,BOS_down,sweep_high"
2025-11-12 06:00:00+01:00,103385.3,42.62772887322687,0.003979363044348538,-0.03549664137023215,2.462e-05,neutral,0.272233460924211,high,LONG,103170.33,103573.965,103762.62999999999,"MLbias+0.27,RSI42.6,OIagg+0.00%,funding+,sweep_high"
2025-11-12 07:00:00+01:00,103366.97,42.383462486714805,-0.054706148398997456,-0.14947497642478008,2.462e-05,neutral,0.23283004466139445,normal,LONG,103170.33,103573.965,103780.95999999999,"MLbias+0.23,RSI42.4,OIagg-0.05%,funding+,sweep_high"
2025-11-12 08:00:00+01:00,103112.66,39.04091804116124,-0.00633876500487629,-0.05553639269906923,2.462e-05,BOS_down,0.3490814622769439,high,LONG,102132.19428571429,103573.965,104035.26999999999,"MLbias+0.35,RSI39.0,OIagg-0.01%,funding+,BOS_down"
2025-11-12 09:00:00+01:00,104147.24,54.69458780851776,0.01219368428879708,-0.019542879768456027,2.462e-05,neutral,0.3048413436022148,high,LONG,103170.33,104369.7,104592.15999999999,"MLbias+0.30,RSI54.7,OIagg+0.01%,funding+"
2025-11-12 13:00:00+01:00,104993.74,63.19397240834506,-0.30098993846994215,-0.6278045615781678,6.87e-06,BOS_up,-0.2127511344344421,normal,SHORT,105200.0,104925.78,104857.81999999999,"MLbias-0.21,RSI63.2,OIagg-0.30%,funding+,BOS_up,sweep_high"
2025-11-12 14:00:00+01:00,105039.99,63.67507563639255,0.28573884593547927,0.5117334322189575,6.87e-06,BOS_up,-0.24712472038520772,normal,SHORT,105200.0,104925.78,104811.56999999999,"MLbias-0.25,RSI63.7,OIagg+0.29%,funding+,BOS_up"
2025-11-12 16:00:00+01:00,102173.51,33.25087749124148,-0.2669463673744099,-0.5616855237211695,6.87e-06,BOS_down,-0.35424381861343174,high,SHORT,105200.0,102017.375,101861.24,"MLbias-0.35,RSI33.3,OIagg-0.27%,funding+,BOS_down"
2025-11-12 18:00:00+01:00,101748.02,32.888637956278316,0.9124058151268821,1.7288389157601494,5.786e-05,BOS_down,-0.3379012824191993,high,SHORT,105200.0,101575.47,101402.92,"MLbias-0.34,RSI32.9,OIagg+0.91%,funding+,BOS_down"
2025-11-12 20:00:00+01:00,101297.31,30.34079345665249,0.2700091435301477,0.4811833825223813,5.786e-05,BOS_down,0.2651078278549844,high,LONG,99624.88285714286,101955.315,102613.32,"MLbias+0.27,RSI30.3,OIagg+0.27%,funding+,BOS_down"
2025-11-12 23:00:00+01:00,101978.96,38.77908868461608,-0.20208086363063815,-0.4357044776783659,5.786e-05,BOS_down,-0.413161615432571,high,SHORT,105200.0,101828.37,101677.77999999998,"MLbias-0.41,RSI38.8,OIagg-0.20%,funding+,BOS_down"
2025-11-13 02:00:00+01:00,102007.0,40.86644823622558,0.3198652241273692,0.5780132970797837,1.077e-05,neutral,-0.33873911929620687,high,SHORT,102042.77,101828.37,101649.73999999999,"MLbias-0.34,RSI40.9,OIagg+0.32%,funding+,sweep_high"
2025-11-13 03:00:00+01:00,102064.41,41.63046233948986,0.16285751351705624,0.27307470140330675,1.077e-05,neutral,-0.2301947478755091,normal,SHORT,103674.65571428572,102017.375,101970.34,"MLbias-0.23,RSI41.6,OIagg+0.16%,funding+"
2025-11-13 14:00:00+01:00,102326.48,44.07170208795658,0.2717108707344762,0.4844884578075075,9.352e-05,neutral,0.334900867859098,high,LONG,101448.82,102597.59,102868.7,"MLbias+0.33,RSI44.1,OIagg+0.27%,funding+"
